pokedex_number,attack,defense,sp_attack,sp_defense,abilities,against_bug,against_dark,against_dragon,against_electric,against_fairy,against_fight,against_fire,against_flying,against_ghost,against_grass,against_ground,against_ice,against_normal,against_poison,against_psychic,against_rock,against_steel,against_water
1,49,49,65,65,"['Overgrow', 'Chlorophyll']",1.0,1.0,1.0,0.5,0.5,0.5,2.0,2.0,1.0,0.25,1.0,2.0,1.0,1.0,2.0,1.0,1.0,0.5
2,62,63,80,80,"['Overgrow', 'Chlorophyll']",1.0,1.0,1.0,0.5,0.5,0.5,2.0,2.0,1.0,0.25,1.0,2.0,1.0,1.0,2.0,1.0,1.0,0.5
3,100,123,122,120,"['Overgrow', 'Chlorophyll']",1.0,1.0,1.0,0.5,0.5,0.5,2.0,2.0,1.0,0.25,1.0,2.0,1.0,1.0,2.0,1.0,1.0,0.5
4,52,43,60,50,"['Blaze', 'Solar Power']",0.5,1.0,1.0,1.0,0.5,1.0,0.5,1.0,1.0,0.5,2.0,0.5,1.0,1.0,1.0,2.0,0.5,2.0
5,64,58,80,65,"['Blaze', 'Solar Power']",0.5,1.0,1.0,1.0,0.5,1.0,0.5,1.0,1.0,0.5,2.0,0.5,1.0,1.0,1.0,2.0,0.5,2.0
6,104,78,159,115,"['Blaze', 'Solar Power']",0.25,1.0,1.0,2.0,0.5,0.5,0.5,1.0,1.0,0.25,0.0,1.0,1.0,1.0,1.0,4.0,0.5,2.0
7,48,65,50,64,"['Torrent', 'Rain Dish']",1.0,1.0,1.0,2.0,1.0,1.0,0.5,1.0,1.0,2.0,1.0,0.5,1.0,1.0,1.0,1.0,0.5,0.5
8,63,80,65,80,"['Torrent', 'Rain Dish']",1.0,1.0,1.0,2.0,1.0,1.0,0.5,1.0,1.0,2.0,1.0,0.5,1.0,1.0,1.0,1.0,0.5,0.5
9,103,120,135,115,"['Torrent', 'Rain Dish']",1.0,1.0,1.0,2.0,1.0,1.0,0.5,1.0,1.0,2.0,1.0,0.5,1.0,1.0,1.0,1.0,0.5,0.5
10,30,35,20,20,"['Shield Dust', 'Run Away']",1.0,1.0,1.0,1.0,1.0,0.5,2.0,2.0,1.0,0.5,0.5,1.0,1.0,1.0,1.0,2.0,1.0,1.0
11,20,55,25,25,['Shed Skin'],1.0,1.0,1.0,1.0,1.0,0.5,2.0,2.0,1.0,0.5,0.5,1.0,1.0,1.0,1.0,2.0,1.0,1.0
12,45,50,90,80,"['Compoundeyes', 'Tinted Lens']",0.5,1.0,1.0,2.0,1.0,0.25,2.0,2.0,1.0,0.25,0.0,2.0,1.0,1.0,1.0,4.0,1.0,1.0
13,35,30,20,20,"['Shield Dust', 'Run Away']",0.5,1.0,1.0,1.0,0.5,0.25,2.0,2.0,1.0,0.25,1.0,1.0,1.0,0.5,2.0,2.0,1.0,1.0
14,25,50,25,25,['Shed Skin'],0.5,1.0,1.0,1.0,0.5,0.25,2.0,2.0,1.0,0.25,1.0,1.0,1.0,0.5,2.0,2.0,1.0,1.0
15,150,40,15,80,"['Swarm', 'Sniper']",0.5,1.0,1.0,1.0,0.5,0.25,2.0,2.0,1.0,0.25,1.0,1.0,1.0,0.5,2.0,2.0,1.0,1.0
16,45,40,35,35,"['Keen Eye', 'Tangled Feet', 'Big Pecks']",0.5,1.0,1.0,2.0,1.0,1.0,1.0,1.0,0.0,0.5,0.0,2.0,1.0,1.0,1.0,2.0,1.0,1.0
17,60,55,50,50,"['Keen Eye', 'Tangled Feet', 'Big Pecks']",0.5,1.0,1.0,2.0,1.0,1.0,1.0,1.0,0.0,0.5,0.0,2.0,1.0,1.0,1.0,2.0,1.0,1.0
18,80,80,135,80,"['Keen Eye', 'Tangled Feet', 'Big Pecks']",0.5,1.0,1.0,2.0,1.0,1.0,1.0,1.0,0.0,0.5,0.0,2.0,1.0,1.0,1.0,2.0,1.0,1.0
19,56,35,25,35,"['Run Away', 'Guts', 'Hustle', 'Gluttony', 'Hustle', 'Thick Fat']",1.0,1.0,1.0,1.0,1.0,2.0,1.0,1.0,0.0,1.0,1.0,1.0,1.0,1.0,1.0,1.0,1.0,1.0
20,71,70,40,80,"['Run Away', 'Guts', 'Hustle', 'Gluttony', 'Hustle', 'Thick Fat']",1.0,1.0,1.0,1.0,1.0,2.0,1.0,1.0,0.0,1.0,1.0,1.0,1.0,1.0,1.0,1.0,1.0,1.0
21,60,30,31,31,"['Keen Eye', 'Sniper']",0.5,1.0,1.0,2.0,1.0,1.0,1.0,1.0,0.0,0.5,0.0,2.0,1.0,1.0,1.0,2.0,1.0,1.0
22,90,65,61,61,"['Keen Eye', 'Sniper']",0.5,1.0,1.0,2.0,1.0,1.0,1.0,1.0,0.0,0.5,0.0,2.0,1.0,1.0,1.0,2.0,1.0,1.0
23,60,44,40,54,"['Intimidate', 'Shed Skin', 'Unnerve']",0.5,1.0,1.0,1.0,0.5,0.5,1.0,1.0,1.0,0.5,2.0,1.0,1.0,0.5,2.0,1.0,1.0,1.0
24,95,69,65,79,"['Intimidate', 'Shed Skin', 'Unnerve']",0.5,1.0,1.0,1.0,0.5,0.5,1.0,1.0,1.0,0.5,2.0,1.0,1.0,0.5,2.0,1.0,1.0,1.0
25,55,40,50,50,"['Static', 'Lightningrod']",1.0,1.0,1.0,0.5,1.0,1.0,1.0,0.5,1.0,1.0,2.0,1.0,1.0,1.0,1.0,1.0,0.5,1.0
26,85,50,95,85,"['Static', 'Lightningrod', 'Surge Surfer']",1.0,1.0,1.0,0.5,1.0,1.0,1.0,0.5,1.0,1.0,2.0,1.0,1.0,1.0,1.0,1.0,0.5,1.0
27,75,90,10,35,"['Sand Veil', 'Sand Rush', 'Snow Cloak', 'Slush Rush']",1.0,1.0,1.0,0.0,1.0,1.0,1.0,1.0,1.0,2.0,1.0,2.0,1.0,0.5,1.0,0.5,1.0,2.0
28,100,120,25,65,"['Sand Veil', 'Sand Rush', 'Snow Cloak', 'Slush Rush']",1.0,1.0,1.0,0.0,1.0,1.0,1.0,1.0,1.0,2.0,1.0,2.0,1.0,0.5,1.0,0.5,1.0,2.0
29,47,52,40,40,"['Poison Point', 'Rivalry', 'Hustle']",0.5,1.0,1.0,1.0,0.5,0.5,1.0,1.0,1.0,0.5,2.0,1.0,1.0,0.5,2.0,1.0,1.0,1.0
30,62,67,55,55,"['Poison Point', 'Rivalry', 'Hustle']",0.5,1.0,1.0,1.0,0.5,0.5,1.0,1.0,1.0,0.5,2.0,1.0,1.0,0.5,2.0,1.0,1.0,1.0
31,92,87,75,85,"['Poison Point', 'Rivalry', 'Sheer Force']",0.5,1.0,1.0,0.0,0.5,0.5,1.0,1.0,1.0,1.0,2.0,2.0,1.0,0.25,2.0,0.5,1.0,2.0
32,57,40,40,40,"['Poison Point', 'Rivalry', 'Hustle']",0.5,1.0,1.0,1.0,0.5,0.5,1.0,1.0,1.0,0.5,2.0,1.0,1.0,0.5,2.0,1.0,1.0,1.0
33,72,57,55,55,"['Poison Point', 'Rivalry', 'Hustle']",0.5,1.0,1.0,1.0,0.5,0.5,1.0,1.0,1.0,0.5,2.0,1.0,1.0,0.5,2.0,1.0,1.0,1.0
34,102,77,85,75,"['Poison Point', 'Rivalry', 'Sheer Force']",0.5,1.0,1.0,0.0,0.5,0.5,1.0,1.0,1.0,1.0,2.0,2.0,1.0,0.25,2.0,0.5,1.0,2.0
35,45,48,60,65,"['Cute Charm', 'Magic Guard', 'Friend Guard']",0.5,0.5,0.0,1.0,1.0,0.5,1.0,1.0,1.0,1.0,1.0,1.0,1.0,2.0,1.0,1.0,2.0,1.0
36,70,73,95,90,"['Cute Charm', 'Magic Guard', 'Unaware']",0.5,0.5,0.0,1.0,1.0,0.5,1.0,1.0,1.0,1.0,1.0,1.0,1.0,2.0,1.0,1.0,2.0,1.0
37,41,40,50,65,"['Flash Fire', 'Drought', 'Snow Cloak', 'Snow Warning']",0.5,1.0,1.0,1.0,0.5,1.0,0.5,1.0,1.0,0.5,2.0,0.5,1.0,1.0,1.0,2.0,0.5,2.0
38,67,75,81,100,"['Flash Fire', 'Drought', 'Snow Cloak', 'Snow Warning']",0.5,1.0,1.0,1.0,0.5,1.0,0.5,1.0,1.0,0.5,2.0,0.5,1.0,1.0,1.0,2.0,0.5,2.0
39,45,20,45,25,"['Cute Charm', 'Competitive', 'Friend Guard']",0.5,0.5,0.0,1.0,1.0,1.0,1.0,1.0,0.0,1.0,1.0,1.0,1.0,2.0,1.0,1.0,2.0,1.0
40,70,45,85,50,"['Cute Charm', 'Competitive', 'Frisk']",0.5,0.5,0.0,1.0,1.0,1.0,1.0,1.0,0.0,1.0,1.0,1.0,1.0,2.0,1.0,1.0,2.0,1.0
41,45,35,30,40,"['Inner Focus', 'Infiltrator']",0.25,1.0,1.0,2.0,0.5,0.25,1.0,1.0,1.0,0.25,0.0,2.0,1.0,0.5,2.0,2.0,1.0,1.0
42,80,70,65,75,"['Inner Focus', 'Infiltrator']",0.25,1.0,1.0,2.0,0.5,0.25,1.0,1.0,1.0,0.25,0.0,2.0,1.0,0.5,2.0,2.0,1.0,1.0
43,50,55,75,65,"['Chlorophyll', 'Run Away']",1.0,1.0,1.0,0.5,0.5,0.5,2.0,2.0,1.0,0.25,1.0,2.0,1.0,1.0,2.0,1.0,1.0,0.5
44,65,70,85,75,"['Chlorophyll', 'Stench']",1.0,1.0,1.0,0.5,0.5,0.5,2.0,2.0,1.0,0.25,1.0,2.0,1.0,1.0,2.0,1.0,1.0,0.5
45,80,85,110,90,"['Chlorophyll', 'Effect Spore']",1.0,1.0,1.0,0.5,0.5,0.5,2.0,2.0,1.0,0.25,1.0,2.0,1.0,1.0,2.0,1.0,1.0,0.5
46,70,55,45,55,"['Effect Spore', 'Dry Skin', 'Damp']",2.0,1.0,1.0,0.5,1.0,0.5,4.0,4.0,1.0,0.25,0.25,2.0,1.0,2.0,1.0,2.0,1.0,0.5
47,95,80,60,80,"['Effect Spore', 'Dry Skin', 'Damp']",2.0,1.0,1.0,0.5,1.0,0.5,4.0,4.0,1.0,0.25,0.25,2.0,1.0,2.0,1.0,2.0,1.0,0.5
48,55,50,40,55,"['Compoundeyes', 'Tinted Lens', 'Run Away']",0.5,1.0,1.0,1.0,0.5,0.25,2.0,2.0,1.0,0.25,1.0,1.0,1.0,0.5,2.0,2.0,1.0,1.0
49,65,60,90,75,"['Shield Dust', 'Tinted Lens', 'Wonder Skin ']",0.5,1.0,1.0,1.0,0.5,0.25,2.0,2.0,1.0,0.25,1.0,1.0,1.0,0.5,2.0,2.0,1.0,1.0
50,55,30,35,45,"['Sand Veil', 'Arena Trap', 'Sand Force', 'Sand Veil', 'Tangling Hair', 'Sand Force']",1.0,1.0,1.0,0.0,1.0,1.0,1.0,1.0,1.0,2.0,1.0,2.0,1.0,0.5,1.0,0.5,1.0,2.0
51,100,60,50,70,"['Sand Veil', 'Arena Trap', 'Sand Force', 'Sand Veil', 'Tangling Hair', 'Sand Force']",1.0,1.0,1.0,0.0,1.0,1.0,1.0,1.0,1.0,2.0,1.0,2.0,1.0,0.5,1.0,0.5,1.0,2.0
52,35,35,50,40,"['Pickup', 'Technician', 'Unnerve', 'Pickup', 'Technician', 'Rattled']",1.0,1.0,1.0,1.0,1.0,2.0,1.0,1.0,0.0,1.0,1.0,1.0,1.0,1.0,1.0,1.0,1.0,1.0
53,60,60,75,65,"['Limber', 'Technician', 'Unnerve', 'Fur Coat', 'Technician', 'Rattled']",1.0,1.0,1.0,1.0,1.0,2.0,1.0,1.0,0.0,1.0,1.0,1.0,1.0,1.0,1.0,1.0,1.0,1.0
54,52,48,65,50,"['Damp', 'Cloud Nine', 'Swift Swim']",1.0,1.0,1.0,2.0,1.0,1.0,0.5,1.0,1.0,2.0,1.0,0.5,1.0,1.0,1.0,1.0,0.5,0.5
55,82,78,95,80,"['Damp', 'Cloud Nine', 'Swift Swim']",1.0,1.0,1.0,2.0,1.0,1.0,0.5,1.0,1.0,2.0,1.0,0.5,1.0,1.0,1.0,1.0,0.5,0.5
56,80,35,35,45,"['Vital Spirit', 'Anger Point', 'Defiant']",0.5,0.5,1.0,1.0,2.0,1.0,1.0,2.0,1.0,1.0,1.0,1.0,1.0,1.0,2.0,0.5,1.0,1.0
57,105,60,60,70,"['Vital Spirit', 'Anger Point', 'Defiant']",0.5,0.5,1.0,1.0,2.0,1.0,1.0,2.0,1.0,1.0,1.0,1.0,1.0,1.0,2.0,0.5,1.0,1.0
58,70,45,70,50,"['Intimidate', 'Flash Fire', 'Justified']",0.5,1.0,1.0,1.0,0.5,1.0,0.5,1.0,1.0,0.5,2.0,0.5,1.0,1.0,1.0,2.0,0.5,2.0
59,110,80,100,80,"['Intimidate', 'Flash Fire', 'Justified']",0.5,1.0,1.0,1.0,0.5,1.0,0.5,1.0,1.0,0.5,2.0,0.5,1.0,1.0,1.0,2.0,0.5,2.0
60,50,40,40,40,"['Water Absorb', 'Damp', 'Swift Swim']",1.0,1.0,1.0,2.0,1.0,1.0,0.5,1.0,1.0,2.0,1.0,0.5,1.0,1.0,1.0,1.0,0.5,0.5
61,65,65,50,50,"['Water Absorb', 'Damp', 'Swift Swim']",1.0,1.0,1.0,2.0,1.0,1.0,0.5,1.0,1.0,2.0,1.0,0.5,1.0,1.0,1.0,1.0,0.5,0.5
62,95,95,70,90,"['Water Absorb', 'Damp', 'Swift Swim']",0.5,0.5,1.0,2.0,2.0,1.0,0.5,2.0,1.0,2.0,1.0,0.5,1.0,1.0,2.0,0.5,0.5,0.5
63,20,15,105,55,"['Synchronize', 'Inner Focus', 'Magic Guard']",2.0,2.0,1.0,1.0,1.0,0.5,1.0,1.0,2.0,1.0,1.0,1.0,1.0,1.0,0.5,1.0,1.0,1.0
64,35,30,120,70,"['Synchronize', 'Inner Focus', 'Magic Guard']",2.0,2.0,1.0,1.0,1.0,0.5,1.0,1.0,2.0,1.0,1.0,1.0,1.0,1.0,0.5,1.0,1.0,1.0
65,50,65,175,105,"['Synchronize', 'Inner Focus', 'Magic Guard']",2.0,2.0,1.0,1.0,1.0,0.5,1.0,1.0,2.0,1.0,1.0,1.0,1.0,1.0,0.5,1.0,1.0,1.0
66,80,50,35,35,"['Guts', 'No Guard', 'Steadfast']",0.5,0.5,1.0,1.0,2.0,1.0,1.0,2.0,1.0,1.0,1.0,1.0,1.0,1.0,2.0,0.5,1.0,1.0
67,100,70,50,60,"['Guts', 'No Guard', 'Steadfast']",0.5,0.5,1.0,1.0,2.0,1.0,1.0,2.0,1.0,1.0,1.0,1.0,1.0,1.0,2.0,0.5,1.0,1.0
68,130,80,65,85,"['Guts', 'No Guard', 'Steadfast']",0.5,0.5,1.0,1.0,2.0,1.0,1.0,2.0,1.0,1.0,1.0,1.0,1.0,1.0,2.0,0.5,1.0,1.0
69,75,35,70,30,"['Chlorophyll', 'Gluttony']",1.0,1.0,1.0,0.5,0.5,0.5,2.0,2.0,1.0,0.25,1.0,2.0,1.0,1.0,2.0,1.0,1.0,0.5
70,90,50,85,45,"['Chlorophyll', 'Gluttony']",1.0,1.0,1.0,0.5,0.5,0.5,2.0,2.0,1.0,0.25,1.0,2.0,1.0,1.0,2.0,1.0,1.0,0.5
71,105,65,100,70,"['Chlorophyll', 'Gluttony']",1.0,1.0,1.0,0.5,0.5,0.5,2.0,2.0,1.0,0.25,1.0,2.0,1.0,1.0,2.0,1.0,1.0,0.5
72,40,35,50,100,"['Clear Body', 'Liquid Ooze', 'Rain Dish']",0.5,1.0,1.0,2.0,0.5,0.5,0.5,1.0,1.0,1.0,2.0,0.5,1.0,0.5,2.0,1.0,0.5,0.5
73,70,65,80,120,"['Clear Body', 'Liquid Ooze', 'Rain Dish']",0.5,1.0,1.0,2.0,0.5,0.5,0.5,1.0,1.0,1.0,2.0,0.5,1.0,0.5,2.0,1.0,0.5,0.5
74,80,100,30,30,"['Rock Head', 'Sturdy', 'Sand Veil', 'Magnet Pull', 'Sturdy', 'Galvanize']",1.0,1.0,1.0,0.0,1.0,2.0,0.5,0.5,1.0,4.0,2.0,2.0,0.5,0.25,1.0,0.5,2.0,4.0
75,95,115,45,45,"['Rock Head', 'Sturdy', 'Sand Veil', 'Magnet Pull', 'Sturdy', 'Galvanize']",1.0,1.0,1.0,0.0,1.0,2.0,0.5,0.5,1.0,4.0,2.0,2.0,0.5,0.25,1.0,0.5,2.0,4.0
76,120,130,55,65,"['Rock Head', 'Sturdy', 'Sand Veil', 'Magnet Pull', 'Sturdy', 'Galvanize']",1.0,1.0,1.0,0.0,1.0,2.0,0.5,0.5,1.0,4.0,2.0,2.0,0.5,0.25,1.0,0.5,2.0,4.0
77,85,55,65,65,"['Run Away', 'Flash Fire', 'Flame Body']",0.5,1.0,1.0,1.0,0.5,1.0,0.5,1.0,1.0,0.5,2.0,0.5,1.0,1.0,1.0,2.0,0.5,2.0
78,100,70,80,80,"['Run Away', 'Flash Fire', 'Flame Body']",0.5,1.0,1.0,1.0,0.5,1.0,0.5,1.0,1.0,0.5,2.0,0.5,1.0,1.0,1.0,2.0,0.5,2.0
79,65,65,40,40,"['Oblivious', 'Own Tempo', 'Regenerator']",2.0,2.0,1.0,2.0,1.0,0.5,0.5,1.0,2.0,2.0,1.0,0.5,1.0,1.0,0.5,1.0,0.5,0.5
80,75,180,130,80,"['Oblivious', 'Own Tempo', 'Regenerator']",2.0,2.0,1.0,2.0,1.0,0.5,0.5,1.0,2.0,2.0,1.0,0.5,1.0,1.0,0.5,1.0,0.5,0.5
81,35,70,95,55,"['Magnet Pull', 'Sturdy', 'Analytic']",0.5,1.0,0.5,0.5,0.5,2.0,2.0,0.25,1.0,0.5,4.0,0.5,0.5,0.0,0.5,0.5,0.25,1.0
82,60,95,120,70,"['Magnet Pull', 'Sturdy', 'Analytic']",0.5,1.0,0.5,0.5,0.5,2.0,2.0,0.25,1.0,0.5,4.0,0.5,0.5,0.0,0.5,0.5,0.25,1.0
83,90,55,58,62,"['Keen Eye', 'Inner Focus', 'Defiant']",0.5,1.0,1.0,2.0,1.0,1.0,1.0,1.0,0.0,0.5,0.0,2.0,1.0,1.0,1.0,2.0,1.0,1.0
84,85,45,35,35,"['Run Away', 'Early Bird', 'Tangled Feet']",0.5,1.0,1.0,2.0,1.0,1.0,1.0,1.0,0.0,0.5,0.0,2.0,1.0,1.0,1.0,2.0,1.0,1.0
85,110,70,60,60,"['Run Away', 'Early Bird', 'Tangled Feet']",0.5,1.0,1.0,2.0,1.0,1.0,1.0,1.0,0.0,0.5,0.0,2.0,1.0,1.0,1.0,2.0,1.0,1.0
86,45,55,45,70,"['Thick Fat', 'Hydration', 'Ice Body']",1.0,1.0,1.0,2.0,1.0,1.0,0.5,1.0,1.0,2.0,1.0,0.5,1.0,1.0,1.0,1.0,0.5,0.5
87,70,80,70,95,"['Thick Fat', 'Hydration', 'Ice Body']",1.0,1.0,1.0,2.0,1.0,2.0,1.0,1.0,1.0,2.0,1.0,0.25,1.0,1.0,1.0,2.0,1.0,0.5
88,80,50,40,50,"['Stench', 'Sticky Hold', 'Poison Touch', 'Poison Touch', 'Gluttony', 'Power of Alchemy']",0.5,1.0,1.0,1.0,0.5,0.5,1.0,1.0,1.0,0.5,2.0,1.0,1.0,0.5,2.0,1.0,1.0,1.0
89,105,75,65,100,"['Stench', 'Sticky Hold', 'Poison Touch', 'Poison Touch', 'Gluttony', 'Power of Alchemy']",0.5,1.0,1.0,1.0,0.5,0.5,1.0,1.0,1.0,0.5,2.0,1.0,1.0,0.5,2.0,1.0,1.0,1.0
90,65,100,45,25,"['Shell Armor', 'Skill Link', 'Overcoat']",1.0,1.0,1.0,2.0,1.0,1.0,0.5,1.0,1.0,2.0,1.0,0.5,1.0,1.0,1.0,1.0,0.5,0.5
91,95,180,85,45,"['Shell Armor', 'Skill Link', 'Overcoat']",1.0,1.0,1.0,2.0,1.0,2.0,1.0,1.0,1.0,2.0,1.0,0.25,1.0,1.0,1.0,2.0,1.0,0.5
92,35,30,100,35,['Levitate'],0.25,2.0,1.0,1.0,0.5,0.0,1.0,1.0,2.0,0.5,2.0,1.0,0.0,0.25,2.0,1.0,1.0,1.0
93,50,45,115,55,['Levitate'],0.25,2.0,1.0,1.0,0.5,0.0,1.0,1.0,2.0,0.5,2.0,1.0,0.0,0.25,2.0,1.0,1.0,1.0
94,65,80,170,95,['Cursed Body'],0.25,2.0,1.0,1.0,0.5,0.0,1.0,1.0,2.0,0.5,2.0,1.0,0.0,0.25,2.0,1.0,1.0,1.0
95,45,160,30,45,"['Rock Head', 'Sturdy', 'Weak Armor']",1.0,1.0,1.0,0.0,1.0,2.0,0.5,0.5,1.0,4.0,2.0,2.0,0.5,0.25,1.0,0.5,2.0,4.0
96,48,45,43,90,"['Insomnia', 'Forewarn', 'Inner Focus']",2.0,2.0,1.0,1.0,1.0,0.5,1.0,1.0,2.0,1.0,1.0,1.0,1.0,1.0,0.5,1.0,1.0,1.0
97,73,70,73,115,"['Insomnia', 'Forewarn', 'Inner Focus']",2.0,2.0,1.0,1.0,1.0,0.5,1.0,1.0,2.0,1.0,1.0,1.0,1.0,1.0,0.5,1.0,1.0,1.0
98,105,90,25,25,"['Hyper Cutter', 'Shell Armor', 'Sheer Force']",1.0,1.0,1.0,2.0,1.0,1.0,0.5,1.0,1.0,2.0,1.0,0.5,1.0,1.0,1.0,1.0,0.5,0.5
99,130,115,50,50,"['Hyper Cutter', 'Shell Armor', 'Sheer Force']",1.0,1.0,1.0,2.0,1.0,1.0,0.5,1.0,1.0,2.0,1.0,0.5,1.0,1.0,1.0,1.0,0.5,0.5
100,30,50,55,55,"['Soundproof', 'Static', 'Aftermath']",1.0,1.0,1.0,0.5,1.0,1.0,1.0,0.5,1.0,1.0,2.0,1.0,1.0,1.0,1.0,1.0,0.5,1.0
101,50,70,80,80,"['Soundproof', 'Static', 'Aftermath']",1.0,1.0,1.0,0.5,1.0,1.0,1.0,0.5,1.0,1.0,2.0,1.0,1.0,1.0,1.0,1.0,0.5,1.0
102,40,80,60,45,"['Chlorophyll', 'Harvest']",4.0,2.0,1.0,0.5,1.0,0.5,2.0,2.0,2.0,0.5,0.5,2.0,1.0,2.0,0.5,1.0,1.0,0.5
103,105,85,125,75,"['Chlorophyll', 'Harvest', 'Frisk', 'Harvest']",4.0,2.0,1.0,0.5,1.0,0.5,2.0,2.0,2.0,0.5,0.5,2.0,1.0,2.0,0.5,1.0,1.0,0.5
104,50,95,40,50,"['Rock Head', 'Lightningrod', 'Battle Armor']",1.0,1.0,1.0,0.0,1.0,1.0,1.0,1.0,1.0,2.0,1.0,2.0,1.0,0.5,1.0,0.5,1.0,2.0
105,80,110,50,80,"['Rock Head', 'Lightningrod', 'Battle Armor', 'Cursed Body', 'Lightningrod', 'Rock Head']",1.0,1.0,1.0,0.0,1.0,1.0,1.0,1.0,1.0,2.0,1.0,2.0,1.0,0.5,1.0,0.5,1.0,2.0
106,120,53,35,110,"['Limber', 'Reckless', 'Unburden']",0.5,0.5,1.0,1.0,2.0,1.0,1.0,2.0,1.0,1.0,1.0,1.0,1.0,1.0,2.0,0.5,1.0,1.0
107,105,79,35,110,"['Keen Eye', 'Iron Fist', 'Inner Focus']",0.5,0.5,1.0,1.0,2.0,1.0,1.0,2.0,1.0,1.0,1.0,1.0,1.0,1.0,2.0,0.5,1.0,1.0
108,55,75,60,75,"['Own Tempo', 'Oblivious', 'Cloud Nine']",1.0,1.0,1.0,1.0,1.0,2.0,1.0,1.0,0.0,1.0,1.0,1.0,1.0,1.0,1.0,1.0,1.0,1.0
109,65,95,60,45,['Levitate'],0.5,1.0,1.0,1.0,0.5,0.5,1.0,1.0,1.0,0.5,2.0,1.0,1.0,0.5,2.0,1.0,1.0,1.0
110,90,120,85,70,['Levitate'],0.5,1.0,1.0,1.0,0.5,0.5,1.0,1.0,1.0,0.5,2.0,1.0,1.0,0.5,2.0,1.0,1.0,1.0
111,85,95,30,30,"['Lightningrod', 'Rock Head', 'Reckless']",1.0,1.0,1.0,0.0,1.0,2.0,0.5,0.5,1.0,4.0,2.0,2.0,0.5,0.25,1.0,0.5,2.0,4.0
112,130,120,45,45,"['Lightningrod', 'Rock Head', 'Reckless']",1.0,1.0,1.0,0.0,1.0,2.0,0.5,0.5,1.0,4.0,2.0,2.0,0.5,0.25,1.0,0.5,2.0,4.0
113,5,5,35,105,"['Natural Cure', 'Serene Grace', 'Healer']",1.0,1.0,1.0,1.0,1.0,2.0,1.0,1.0,0.0,1.0,1.0,1.0,1.0,1.0,1.0,1.0,1.0,1.0
114,55,115,100,40,"['Chlorophyll', 'Leaf Guard', 'Regenerator']",2.0,1.0,1.0,0.5,1.0,1.0,2.0,2.0,1.0,0.5,0.5,2.0,1.0,2.0,1.0,1.0,1.0,0.5
115,125,100,60,100,"['Early Bird', 'Scrappy', 'Inner Focus']",1.0,1.0,1.0,1.0,1.0,2.0,1.0,1.0,0.0,1.0,1.0,1.0,1.0,1.0,1.0,1.0,1.0,1.0
116,40,70,70,25,"['Swift Swim', 'Sniper', 'Damp']",1.0,1.0,1.0,2.0,1.0,1.0,0.5,1.0,1.0,2.0,1.0,0.5,1.0,1.0,1.0,1.0,0.5,0.5
117,65,95,95,45,"['Poison Point', 'Sniper', 'Damp']",1.0,1.0,1.0,2.0,1.0,1.0,0.5,1.0,1.0,2.0,1.0,0.5,1.0,1.0,1.0,1.0,0.5,0.5
118,67,60,35,50,"['Swift Swim', 'Water Veil', 'Lightningrod']",1.0,1.0,1.0,2.0,1.0,1.0,0.5,1.0,1.0,2.0,1.0,0.5,1.0,1.0,1.0,1.0,0.5,0.5
119,92,65,65,80,"['Swift Swim', 'Water Veil', 'Lightningrod']",1.0,1.0,1.0,2.0,1.0,1.0,0.5,1.0,1.0,2.0,1.0,0.5,1.0,1.0,1.0,1.0,0.5,0.5
120,45,55,70,55,"['Illuminate', 'Natural Cure', 'Analytic']",1.0,1.0,1.0,2.0,1.0,1.0,0.5,1.0,1.0,2.0,1.0,0.5,1.0,1.0,1.0,1.0,0.5,0.5
121,75,85,100,85,"['Illuminate', 'Natural Cure', 'Analytic']",2.0,2.0,1.0,2.0,1.0,0.5,0.5,1.0,2.0,2.0,1.0,0.5,1.0,1.0,0.5,1.0,0.5,0.5
122,45,65,100,120,"['Soundproof', 'Filter', 'Technician']",1.0,1.0,0.0,1.0,1.0,0.25,1.0,1.0,2.0,1.0,1.0,1.0,1.0,2.0,0.5,1.0,2.0,1.0
123,110,80,55,80,"['Swarm', 'Technician', 'Steadfast']",0.5,1.0,1.0,2.0,1.0,0.25,2.0,2.0,1.0,0.25,0.0,2.0,1.0,1.0,1.0,4.0,1.0,1.0
124,50,35,115,95,"['Oblivious', 'Forewarn', 'Dry Skin']",2.0,2.0,1.0,1.0,1.0,1.0,2.0,1.0,2.0,1.0,1.0,0.5,1.0,1.0,0.5,2.0,2.0,1.0
125,83,57,95,85,"['Static', 'Vital Spirit']",1.0,1.0,1.0,0.5,1.0,1.0,1.0,0.5,1.0,1.0,2.0,1.0,1.0,1.0,1.0,1.0,0.5,1.0
126,95,57,100,85,"['Flame Body', 'Vital Spirit']",0.5,1.0,1.0,1.0,0.5,1.0,0.5,1.0,1.0,0.5,2.0,0.5,1.0,1.0,1.0,2.0,0.5,2.0
127,155,120,65,90,"['Hyper Cutter', 'Mold Breaker', 'Moxie']",1.0,1.0,1.0,1.0,1.0,0.5,2.0,2.0,1.0,0.5,0.5,1.0,1.0,1.0,1.0,2.0,1.0,1.0
128,100,95,40,70,"['Intimidate', 'Anger Point', 'Sheer Force']",1.0,1.0,1.0,1.0,1.0,2.0,1.0,1.0,0.0,1.0,1.0,1.0,1.0,1.0,1.0,1.0,1.0,1.0
129,10,55,15,20,"['Swift Swim', 'Rattled']",1.0,1.0,1.0,2.0,1.0,1.0,0.5,1.0,1.0,2.0,1.0,0.5,1.0,1.0,1.0,1.0,0.5,0.5
130,155,109,70,130,"['Intimidate', 'Moxie']",0.5,1.0,1.0,4.0,1.0,0.5,0.5,1.0,1.0,1.0,0.0,1.0,1.0,1.0,1.0,2.0,0.5,0.5
131,85,80,85,95,"['Water Absorb', 'Shell Armor', 'Hydration']",1.0,1.0,1.0,2.0,1.0,2.0,1.0,1.0,1.0,2.0,1.0,0.25,1.0,1.0,1.0,2.0,1.0,0.5
132,48,48,48,48,"['Limber', 'Imposter']",1.0,1.0,1.0,1.0,1.0,2.0,1.0,1.0,0.0,1.0,1.0,1.0,1.0,1.0,1.0,1.0,1.0,1.0
133,55,50,45,65,"['Run Away', 'Adaptability', 'Anticipation']",1.0,1.0,1.0,1.0,1.0,2.0,1.0,1.0,0.0,1.0,1.0,1.0,1.0,1.0,1.0,1.0,1.0,1.0
134,65,60,110,95,"['Water Absorb', 'Hydration']",1.0,1.0,1.0,2.0,1.0,1.0,0.5,1.0,1.0,2.0,1.0,0.5,1.0,1.0,1.0,1.0,0.5,0.5
135,65,60,110,95,"['Volt Absorb', 'Quick Feet']",1.0,1.0,1.0,0.5,1.0,1.0,1.0,0.5,1.0,1.0,2.0,1.0,1.0,1.0,1.0,1.0,0.5,1.0
136,130,60,95,110,"['Flash Fire', 'Guts']",0.5,1.0,1.0,1.0,0.5,1.0,0.5,1.0,1.0,0.5,2.0,0.5,1.0,1.0,1.0,2.0,0.5,2.0
137,60,70,85,75,"['Trace', 'Download', 'Analytic']",1.0,1.0,1.0,1.0,1.0,2.0,1.0,1.0,0.0,1.0,1.0,1.0,1.0,1.0,1.0,1.0,1.0,1.0
138,40,100,90,55,"['Swift Swim', 'Shell Armor', 'Weak Armor']",1.0,1.0,1.0,2.0,1.0,2.0,0.25,0.5,1.0,4.0,2.0,0.5,0.5,0.5,1.0,1.0,1.0,1.0
139,60,125,115,70,"['Swift Swim', 'Shell Armor', 'Weak Armor']",1.0,1.0,1.0,2.0,1.0,2.0,0.25,0.5,1.0,4.0,2.0,0.5,0.5,0.5,1.0,1.0,1.0,1.0
140,80,90,55,45,"['Swift Swim', 'Battle Armor', 'Weak Armor']",1.0,1.0,1.0,2.0,1.0,2.0,0.25,0.5,1.0,4.0,2.0,0.5,0.5,0.5,1.0,1.0,1.0,1.0
141,115,105,65,70,"['Swift Swim', 'Battle Armor', 'Weak Armor']",1.0,1.0,1.0,2.0,1.0,2.0,0.25,0.5,1.0,4.0,2.0,0.5,0.5,0.5,1.0,1.0,1.0,1.0
142,135,85,70,95,"['Rock Head', 'Pressure', 'Unnerve']",0.5,1.0,1.0,2.0,1.0,1.0,0.5,0.5,1.0,1.0,0.0,2.0,0.5,0.5,1.0,2.0,2.0,2.0
143,110,65,65,110,"['Immunity', 'Thick Fat', 'Gluttony']",1.0,1.0,1.0,1.0,1.0,2.0,1.0,1.0,0.0,1.0,1.0,1.0,1.0,1.0,1.0,1.0,1.0,1.0
144,85,100,95,125,"['Pressure', 'Snow Cloak']",0.5,1.0,1.0,2.0,1.0,1.0,2.0,1.0,1.0,0.5,0.0,1.0,1.0,1.0,1.0,4.0,2.0,1.0
145,90,85,125,90,"['Pressure', 'Static']",0.5,1.0,1.0,1.0,1.0,0.5,1.0,0.5,1.0,0.5,0.0,2.0,1.0,1.0,1.0,2.0,0.5,1.0
146,100,90,125,85,"['Pressure', 'Flame Body']",0.25,1.0,1.0,2.0,0.5,0.5,0.5,1.0,1.0,0.25,0.0,1.0,1.0,1.0,1.0,4.0,0.5,2.0
147,64,45,50,50,"['Shed Skin', 'Marvel Scale']",1.0,1.0,2.0,0.5,2.0,1.0,0.5,1.0,1.0,0.5,1.0,2.0,1.0,1.0,1.0,1.0,1.0,0.5
148,84,65,70,70,"['Shed Skin', 'Marvel Scale']",1.0,1.0,2.0,0.5,2.0,1.0,0.5,1.0,1.0,0.5,1.0,2.0,1.0,1.0,1.0,1.0,1.0,0.5
149,134,95,100,100,"['Inner Focus', 'Multiscale']",0.5,1.0,2.0,1.0,2.0,0.5,0.5,1.0,1.0,0.25,0.0,4.0,1.0,1.0,1.0,2.0,1.0,0.5
150,150,70,194,120,"['Pressure', 'Unnerve']",2.0,2.0,1.0,1.0,1.0,0.5,1.0,1.0,2.0,1.0,1.0,1.0,1.0,1.0,0.5,1.0,1.0,1.0
151,100,100,100,100,['Synchronize'],2.0,2.0,1.0,1.0,1.0,0.5,1.0,1.0,2.0,1.0,1.0,1.0,1.0,1.0,0.5,1.0,1.0,1.0
152,49,65,49,65,"['Overgrow', 'Leaf Guard']",2.0,1.0,1.0,0.5,1.0,1.0,2.0,2.0,1.0,0.5,0.5,2.0,1.0,2.0,1.0,1.0,1.0,0.5
153,62,80,63,80,"['Overgrow', 'Leaf Guard']",2.0,1.0,1.0,0.5,1.0,1.0,2.0,2.0,1.0,0.5,0.5,2.0,1.0,2.0,1.0,1.0,1.0,0.5
154,82,100,83,100,"['Overgrow', 'Leaf Guard']",2.0,1.0,1.0,0.5,1.0,1.0,2.0,2.0,1.0,0.5,0.5,2.0,1.0,2.0,1.0,1.0,1.0,0.5
155,52,43,60,50,"['Blaze', 'Flash Fire']",0.5,1.0,1.0,1.0,0.5,1.0,0.5,1.0,1.0,0.5,2.0,0.5,1.0,1.0,1.0,2.0,0.5,2.0
156,64,58,80,65,"['Blaze', 'Flash Fire']",0.5,1.0,1.0,1.0,0.5,1.0,0.5,1.0,1.0,0.5,2.0,0.5,1.0,1.0,1.0,2.0,0.5,2.0
157,84,78,109,85,"['Blaze', 'Flash Fire']",0.5,1.0,1.0,1.0,0.5,1.0,0.5,1.0,1.0,0.5,2.0,0.5,1.0,1.0,1.0,2.0,0.5,2.0
158,65,64,44,48,"['Torrent', 'Sheer Force']",1.0,1.0,1.0,2.0,1.0,1.0,0.5,1.0,1.0,2.0,1.0,0.5,1.0,1.0,1.0,1.0,0.5,0.5
159,80,80,59,63,"['Torrent', 'Sheer Force']",1.0,1.0,1.0,2.0,1.0,1.0,0.5,1.0,1.0,2.0,1.0,0.5,1.0,1.0,1.0,1.0,0.5,0.5
160,105,100,79,83,"['Torrent', 'Sheer Force']",1.0,1.0,1.0,2.0,1.0,1.0,0.5,1.0,1.0,2.0,1.0,0.5,1.0,1.0,1.0,1.0,0.5,0.5
161,46,34,35,45,"['Run Away', 'Keen Eye', 'Frisk']",1.0,1.0,1.0,1.0,1.0,2.0,1.0,1.0,0.0,1.0,1.0,1.0,1.0,1.0,1.0,1.0,1.0,1.0
162,76,64,45,55,"['Run Away', 'Keen Eye', 'Frisk']",1.0,1.0,1.0,1.0,1.0,2.0,1.0,1.0,0.0,1.0,1.0,1.0,1.0,1.0,1.0,1.0,1.0,1.0
163,30,30,36,56,"['Insomnia', 'Keen Eye', 'Tinted Lens']",0.5,1.0,1.0,2.0,1.0,1.0,1.0,1.0,0.0,0.5,0.0,2.0,1.0,1.0,1.0,2.0,1.0,1.0
164,50,50,86,96,"['Insomnia', 'Keen Eye', 'Tinted Lens']",0.5,1.0,1.0,2.0,1.0,1.0,1.0,1.0,0.0,0.5,0.0,2.0,1.0,1.0,1.0,2.0,1.0,1.0
165,20,30,40,80,"['Swarm', 'Early Bird', 'Rattled']",0.5,1.0,1.0,2.0,1.0,0.25,2.0,2.0,1.0,0.25,0.0,2.0,1.0,1.0,1.0,4.0,1.0,1.0
166,35,50,55,110,"['Swarm', 'Early Bird', 'Iron Fist']",0.5,1.0,1.0,2.0,1.0,0.25,2.0,2.0,1.0,0.25,0.0,2.0,1.0,1.0,1.0,4.0,1.0,1.0
167,60,40,40,40,"['Swarm', 'Insomnia', 'Sniper']",0.5,1.0,1.0,1.0,0.5,0.25,2.0,2.0,1.0,0.25,1.0,1.0,1.0,0.5,2.0,2.0,1.0,1.0
168,90,70,60,70,"['Swarm', 'Insomnia', 'Sniper']",0.5,1.0,1.0,1.0,0.5,0.25,2.0,2.0,1.0,0.25,1.0,1.0,1.0,0.5,2.0,2.0,1.0,1.0
169,90,80,70,80,"['Inner Focus', 'Infiltrator']",0.25,1.0,1.0,2.0,0.5,0.25,1.0,1.0,1.0,0.25,0.0,2.0,1.0,0.5,2.0,2.0,1.0,1.0
170,38,38,56,56,"['Volt Absorb', 'Illuminate', 'Water Absorb']",1.0,1.0,1.0,1.0,1.0,1.0,0.5,0.5,1.0,2.0,2.0,0.5,1.0,1.0,1.0,1.0,0.25,0.5
171,58,58,76,76,"['Volt Absorb', 'Illuminate', 'Water Absorb']",1.0,1.0,1.0,1.0,1.0,1.0,0.5,0.5,1.0,2.0,2.0,0.5,1.0,1.0,1.0,1.0,0.25,0.5
172,40,15,35,35,"['Static', 'Lightningrod']",1.0,1.0,1.0,0.5,1.0,1.0,1.0,0.5,1.0,1.0,2.0,1.0,1.0,1.0,1.0,1.0,0.5,1.0
173,25,28,45,55,"['Cute Charm', 'Magic Guard', 'Friend Guard']",0.5,0.5,0.0,1.0,1.0,0.5,1.0,1.0,1.0,1.0,1.0,1.0,1.0,2.0,1.0,1.0,2.0,1.0
174,30,15,40,20,"['Cute Charm', 'Competitive', 'Friend Guard']",0.5,0.5,0.0,1.0,1.0,1.0,1.0,1.0,0.0,1.0,1.0,1.0,1.0,2.0,1.0,1.0,2.0,1.0
175,20,65,40,65,"['Hustle', 'Serene Grace', 'Super Luck']",0.5,0.5,0.0,1.0,1.0,0.5,1.0,1.0,1.0,1.0,1.0,1.0,1.0,2.0,1.0,1.0,2.0,1.0
176,40,85,80,105,"['Hustle', 'Serene Grace', 'Super Luck']",0.25,0.5,0.0,2.0,1.0,0.25,1.0,1.0,1.0,0.5,0.0,2.0,1.0,2.0,1.0,2.0,2.0,1.0
177,50,45,70,45,"['Synchronize', 'Early Bird', 'Magic Bounce']",1.0,2.0,1.0,2.0,1.0,0.25,1.0,1.0,2.0,0.5,0.0,2.0,1.0,1.0,0.5,2.0,1.0,1.0
178,75,70,95,70,"['Synchronize', 'Early Bird', 'Magic Bounce']",1.0,2.0,1.0,2.0,1.0,0.25,1.0,1.0,2.0,0.5,0.0,2.0,1.0,1.0,0.5,2.0,1.0,1.0
179,40,40,65,45,"['Static', 'Plus']",1.0,1.0,1.0,0.5,1.0,1.0,1.0,0.5,1.0,1.0,2.0,1.0,1.0,1.0,1.0,1.0,0.5,1.0
180,55,55,80,60,"['Static', 'Plus']",1.0,1.0,1.0,0.5,1.0,1.0,1.0,0.5,1.0,1.0,2.0,1.0,1.0,1.0,1.0,1.0,0.5,1.0
181,95,105,165,110,"['Static', 'Plus']",1.0,1.0,1.0,0.5,1.0,1.0,1.0,0.5,1.0,1.0,2.0,1.0,1.0,1.0,1.0,1.0,0.5,1.0
182,80,95,90,100,"['Chlorophyll', 'Healer']",2.0,1.0,1.0,0.5,1.0,1.0,2.0,2.0,1.0,0.5,0.5,2.0,1.0,2.0,1.0,1.0,1.0,0.5
183,20,50,20,50,"['Thick Fat', 'Huge Power', 'Sap Sipper']",0.5,0.5,0.0,2.0,1.0,0.5,0.5,1.0,1.0,2.0,1.0,0.5,1.0,2.0,1.0,1.0,1.0,0.5
184,50,80,60,80,"['Thick Fat', 'Huge Power', 'Sap Sipper']",0.5,0.5,0.0,2.0,1.0,0.5,0.5,1.0,1.0,2.0,1.0,0.5,1.0,2.0,1.0,1.0,1.0,0.5
185,100,115,30,65,"['Sturdy', 'Rock Head', 'Rattled']",1.0,1.0,1.0,1.0,1.0,2.0,0.5,0.5,1.0,2.0,2.0,1.0,0.5,0.5,1.0,1.0,2.0,2.0
186,75,75,90,100,"['Water Absorb', 'Damp', 'Drizzle']",1.0,1.0,1.0,2.0,1.0,1.0,0.5,1.0,1.0,2.0,1.0,0.5,1.0,1.0,1.0,1.0,0.5,0.5
187,35,40,35,55,"['Chlorophyll', 'Leaf Guard', 'Infiltrator']",1.0,1.0,1.0,1.0,1.0,0.5,2.0,2.0,1.0,0.25,0.0,4.0,1.0,2.0,1.0,2.0,1.0,0.5
188,45,50,45,65,"['Chlorophyll', 'Leaf Guard', 'Infiltrator']",1.0,1.0,1.0,1.0,1.0,0.5,2.0,2.0,1.0,0.25,0.0,4.0,1.0,2.0,1.0,2.0,1.0,0.5
189,55,70,55,95,"['Chlorophyll', 'Leaf Guard', 'Infiltrator']",1.0,1.0,1.0,1.0,1.0,0.5,2.0,2.0,1.0,0.25,0.0,4.0,1.0,2.0,1.0,2.0,1.0,0.5
190,70,55,40,55,"['Run Away', 'Pickup', 'Skill Link']",1.0,1.0,1.0,1.0,1.0,2.0,1.0,1.0,0.0,1.0,1.0,1.0,1.0,1.0,1.0,1.0,1.0,1.0
191,30,30,30,30,"['Chlorophyll', 'Solar Power', 'Early Bird']",2.0,1.0,1.0,0.5,1.0,1.0,2.0,2.0,1.0,0.5,0.5,2.0,1.0,2.0,1.0,1.0,1.0,0.5
192,75,55,105,85,"['Chlorophyll', 'Solar Power', 'Early Bird']",2.0,1.0,1.0,0.5,1.0,1.0,2.0,2.0,1.0,0.5,0.5,2.0,1.0,2.0,1.0,1.0,1.0,0.5
193,65,45,75,45,"['Speed Boost', 'Compoundeyes', 'Frisk']",0.5,1.0,1.0,2.0,1.0,0.25,2.0,2.0,1.0,0.25,0.0,2.0,1.0,1.0,1.0,4.0,1.0,1.0
194,45,45,25,25,"['Damp', 'Water Absorb', 'Unaware']",1.0,1.0,1.0,0.0,1.0,1.0,0.5,1.0,1.0,4.0,1.0,1.0,1.0,0.5,1.0,0.5,0.5,1.0
195,85,85,65,65,"['Damp', 'Water Absorb', 'Unaware']",1.0,1.0,1.0,0.0,1.0,1.0,0.5,1.0,1.0,4.0,1.0,1.0,1.0,0.5,1.0,0.5,0.5,1.0
196,65,60,130,95,"['Synchronize', 'Magic Bounce']",2.0,2.0,1.0,1.0,1.0,0.5,1.0,1.0,2.0,1.0,1.0,1.0,1.0,1.0,0.5,1.0,1.0,1.0
197,65,110,60,130,"['Synchronize', 'Inner Focus']",2.0,0.5,1.0,1.0,2.0,2.0,1.0,1.0,0.5,1.0,1.0,1.0,1.0,1.0,0.0,1.0,1.0,1.0
198,85,42,85,42,"['Insomnia', 'Super Luck', 'Prankster']",1.0,0.5,1.0,2.0,2.0,1.0,1.0,1.0,0.5,0.5,0.0,2.0,1.0,1.0,0.0,2.0,1.0,1.0
199,75,80,100,110,"['Oblivious', 'Own Tempo', 'Regenerator']",2.0,2.0,1.0,2.0,1.0,0.5,0.5,1.0,2.0,2.0,1.0,0.5,1.0,1.0,0.5,1.0,0.5,0.5
200,60,60,85,85,['Levitate'],0.5,2.0,1.0,1.0,1.0,0.0,1.0,1.0,2.0,1.0,1.0,1.0,0.0,0.5,1.0,1.0,1.0,1.0
201,72,48,72,48,['Levitate'],2.0,2.0,1.0,1.0,1.0,0.5,1.0,1.0,2.0,1.0,1.0,1.0,1.0,1.0,0.5,1.0,1.0,1.0
202,33,58,33,58,"['Shadow Tag', 'Telepathy']",2.0,2.0,1.0,1.0,1.0,0.5,1.0,1.0,2.0,1.0,1.0,1.0,1.0,1.0,0.5,1.0,1.0,1.0
203,80,65,90,65,"['Inner Focus', 'Early Bird', 'Sap Sipper']",2.0,2.0,1.0,1.0,1.0,1.0,1.0,1.0,0.0,1.0,1.0,1.0,1.0,1.0,0.5,1.0,1.0,1.0
204,65,90,35,35,"['Sturdy', 'Overcoat']",1.0,1.0,1.0,1.0,1.0,0.5,2.0,2.0,1.0,0.5,0.5,1.0,1.0,1.0,1.0,2.0,1.0,1.0
205,90,140,60,60,"['Sturdy', 'Overcoat']",0.5,1.0,0.5,1.0,0.5,1.0,4.0,1.0,1.0,0.25,1.0,0.5,0.5,0.0,0.5,1.0,0.5,1.0
206,70,70,65,65,"['Serene Grace', 'Run Away', 'Rattled']",1.0,1.0,1.0,1.0,1.0,2.0,1.0,1.0,0.0,1.0,1.0,1.0,1.0,1.0,1.0,1.0,1.0,1.0
207,75,105,35,65,"['Hyper Cutter', 'Sand Veil', 'Immunity']",0.5,1.0,1.0,0.0,1.0,0.5,1.0,1.0,1.0,1.0,0.0,4.0,1.0,0.5,1.0,1.0,1.0,2.0
208,125,230,55,95,"['Rock Head', 'Sturdy', 'Sheer Force']",0.5,1.0,0.5,0.0,0.5,2.0,2.0,0.5,1.0,1.0,2.0,1.0,0.5,0.0,0.5,0.25,0.5,2.0
209,80,50,40,40,"['Intimidate', 'Run Away', 'Rattled']",0.5,0.5,0.0,1.0,1.0,0.5,1.0,1.0,1.0,1.0,1.0,1.0,1.0,2.0,1.0,1.0,2.0,1.0
210,120,75,60,60,"['Intimidate', 'Quick Feet', 'Rattled']",0.5,0.5,0.0,1.0,1.0,0.5,1.0,1.0,1.0,1.0,1.0,1.0,1.0,2.0,1.0,1.0,2.0,1.0
211,95,85,55,55,"['Poison Point', 'Swift Swim', 'Intimidate']",0.5,1.0,1.0,2.0,0.5,0.5,0.5,1.0,1.0,1.0,2.0,0.5,1.0,0.5,2.0,1.0,0.5,0.5
212,150,140,65,100,"['Swarm', 'Technician', 'Light Metal']",0.5,1.0,0.5,1.0,0.5,1.0,4.0,1.0,1.0,0.25,1.0,0.5,0.5,0.0,0.5,1.0,0.5,1.0
213,10,230,10,230,"['Sturdy', 'Gluttony', 'Contrary']",1.0,1.0,1.0,1.0,1.0,1.0,1.0,1.0,1.0,1.0,1.0,1.0,0.5,0.5,1.0,2.0,2.0,2.0
214,185,115,40,105,"['Swarm', 'Guts', 'Moxie']",0.5,0.5,1.0,1.0,2.0,0.5,2.0,4.0,1.0,0.5,0.5,1.0,1.0,1.0,2.0,1.0,1.0,1.0
215,95,55,35,75,"['Inner Focus', 'Keen Eye', 'Pickpocket']",2.0,0.5,1.0,1.0,2.0,4.0,2.0,1.0,0.5,1.0,1.0,0.5,1.0,1.0,0.0,2.0,2.0,1.0
216,80,50,50,50,"['Pickup', 'Quick Feet', 'Honey Gather']",1.0,1.0,1.0,1.0,1.0,2.0,1.0,1.0,0.0,1.0,1.0,1.0,1.0,1.0,1.0,1.0,1.0,1.0
217,130,75,75,75,"['Guts', 'Quick Feet', 'Unnerve']",1.0,1.0,1.0,1.0,1.0,2.0,1.0,1.0,0.0,1.0,1.0,1.0,1.0,1.0,1.0,1.0,1.0,1.0
218,40,40,70,40,"['Magma Armor', 'Flame Body', 'Weak Armor']",0.5,1.0,1.0,1.0,0.5,1.0,0.5,1.0,1.0,0.5,2.0,0.5,1.0,1.0,1.0,2.0,0.5,2.0
219,50,120,90,80,"['Magma Armor', 'Flame Body', 'Weak Armor']",0.5,1.0,1.0,1.0,0.5,2.0,0.25,0.5,1.0,1.0,4.0,0.5,0.5,0.5,1.0,2.0,1.0,4.0
220,50,40,30,30,"['Oblivious', 'Snow Cloak', 'Thick Fat']",1.0,1.0,1.0,0.0,1.0,2.0,2.0,1.0,1.0,2.0,1.0,1.0,1.0,0.5,1.0,1.0,2.0,2.0
221,100,80,60,60,"['Oblivious', 'Snow Cloak', 'Thick Fat']",1.0,1.0,1.0,0.0,1.0,2.0,2.0,1.0,1.0,2.0,1.0,1.0,1.0,0.5,1.0,1.0,2.0,2.0
222,55,95,65,95,"['Hustle', 'Natural Cure', 'Regenerator']",1.0,1.0,1.0,2.0,1.0,2.0,0.25,0.5,1.0,4.0,2.0,0.5,0.5,0.5,1.0,1.0,1.0,1.0
223,65,35,65,35,"['Hustle', 'Sniper', 'Moody']",1.0,1.0,1.0,2.0,1.0,1.0,0.5,1.0,1.0,2.0,1.0,0.5,1.0,1.0,1.0,1.0,0.5,0.5
224,105,75,105,75,"['Suction Cups', 'Sniper', 'Moody']",1.0,1.0,1.0,2.0,1.0,1.0,0.5,1.0,1.0,2.0,1.0,0.5,1.0,1.0,1.0,1.0,0.5,0.5
225,55,45,65,45,"['Vital Spirit', 'Hustle', 'Insomnia']",0.5,1.0,1.0,2.0,1.0,1.0,2.0,1.0,1.0,0.5,0.0,1.0,1.0,1.0,1.0,4.0,2.0,1.0
226,40,70,80,140,"['Swift Swim', 'Water Absorb', 'Water Veil']",0.5,1.0,1.0,4.0,1.0,0.5,0.5,1.0,1.0,1.0,0.0,1.0,1.0,1.0,1.0,2.0,0.5,0.5
227,80,140,40,70,"['Keen Eye', 'Sturdy', 'Weak Armor']",0.25,1.0,0.5,2.0,0.5,1.0,2.0,0.5,1.0,0.25,0.0,1.0,0.5,0.0,0.5,1.0,0.5,1.0
228,60,30,80,50,"['Early Bird', 'Flash Fire', 'Unnerve']",1.0,0.5,1.0,1.0,1.0,2.0,0.5,1.0,0.5,0.5,2.0,0.5,1.0,1.0,0.0,2.0,0.5,2.0
229,90,90,140,90,"['Early Bird', 'Flash Fire', 'Unnerve']",1.0,0.5,1.0,1.0,1.0,2.0,0.5,1.0,0.5,0.5,2.0,0.5,1.0,1.0,0.0,2.0,0.5,2.0
230,95,95,95,95,"['Swift Swim', 'Sniper', 'Damp']",1.0,1.0,2.0,1.0,2.0,1.0,0.25,1.0,1.0,1.0,1.0,1.0,1.0,1.0,1.0,1.0,0.5,0.25
231,60,60,40,40,"['Pickup', 'Sand Veil']",1.0,1.0,1.0,0.0,1.0,1.0,1.0,1.0,1.0,2.0,1.0,2.0,1.0,0.5,1.0,0.5,1.0,2.0
232,120,120,60,60,"['Sturdy', 'Sand Veil']",1.0,1.0,1.0,0.0,1.0,1.0,1.0,1.0,1.0,2.0,1.0,2.0,1.0,0.5,1.0,0.5,1.0,2.0
233,80,90,105,95,"['Trace', 'Download', 'Analytic']",1.0,1.0,1.0,1.0,1.0,2.0,1.0,1.0,0.0,1.0,1.0,1.0,1.0,1.0,1.0,1.0,1.0,1.0
234,95,62,85,65,"['Intimidate', 'Frisk', 'Sap Sipper']",1.0,1.0,1.0,1.0,1.0,2.0,1.0,1.0,0.0,1.0,1.0,1.0,1.0,1.0,1.0,1.0,1.0,1.0
235,20,35,20,45,"['Own Tempo', 'Technician', 'Moody']",1.0,1.0,1.0,1.0,1.0,2.0,1.0,1.0,0.0,1.0,1.0,1.0,1.0,1.0,1.0,1.0,1.0,1.0
236,35,35,35,35,"['Guts', 'Steadfast', 'Vital Spirit']",0.5,0.5,1.0,1.0,2.0,1.0,1.0,2.0,1.0,1.0,1.0,1.0,1.0,1.0,2.0,0.5,1.0,1.0
237,95,95,35,110,"['Intimidate', 'Technician', 'Steadfast']",0.5,0.5,1.0,1.0,2.0,1.0,1.0,2.0,1.0,1.0,1.0,1.0,1.0,1.0,2.0,0.5,1.0,1.0
238,30,15,85,65,"['Oblivious', 'Forewarn', 'Hydration']",2.0,2.0,1.0,1.0,1.0,1.0,2.0,1.0,2.0,1.0,1.0,0.5,1.0,1.0,0.5,2.0,2.0,1.0
239,63,37,65,55,"['Static', 'Vital Spirit']",1.0,1.0,1.0,0.5,1.0,1.0,1.0,0.5,1.0,1.0,2.0,1.0,1.0,1.0,1.0,1.0,0.5,1.0
240,75,37,70,55,"['Flame Body', 'Vital Spirit']",0.5,1.0,1.0,1.0,0.5,1.0,0.5,1.0,1.0,0.5,2.0,0.5,1.0,1.0,1.0,2.0,0.5,2.0
241,80,105,40,70,"['Thick Fat', 'Scrappy', 'Sap Sipper']",1.0,1.0,1.0,1.0,1.0,2.0,1.0,1.0,0.0,1.0,1.0,1.0,1.0,1.0,1.0,1.0,1.0,1.0
242,10,10,75,135,"['Natural Cure', 'Serene Grace', 'Healer']",1.0,1.0,1.0,1.0,1.0,2.0,1.0,1.0,0.0,1.0,1.0,1.0,1.0,1.0,1.0,1.0,1.0,1.0
243,85,75,115,100,"['Pressure', 'Inner Focus']",1.0,1.0,1.0,0.5,1.0,1.0,1.0,0.5,1.0,1.0,2.0,1.0,1.0,1.0,1.0,1.0,0.5,1.0
244,115,85,90,75,"['Pressure', 'Inner Focus']",0.5,1.0,1.0,1.0,0.5,1.0,0.5,1.0,1.0,0.5,2.0,0.5,1.0,1.0,1.0,2.0,0.5,2.0
245,75,115,90,115,"['Pressure', 'Inner Focus']",1.0,1.0,1.0,2.0,1.0,1.0,0.5,1.0,1.0,2.0,1.0,0.5,1.0,1.0,1.0,1.0,0.5,0.5
246,64,50,45,50,"['Guts', 'Sand Veil']",1.0,1.0,1.0,0.0,1.0,2.0,0.5,0.5,1.0,4.0,2.0,2.0,0.5,0.25,1.0,0.5,2.0,4.0
247,84,70,65,70,['Shed Skin'],1.0,1.0,1.0,0.0,1.0,2.0,0.5,0.5,1.0,4.0,2.0,2.0,0.5,0.25,1.0,0.5,2.0,4.0
248,164,150,95,120,"['Sand Stream', 'Unnerve']",2.0,0.5,1.0,1.0,2.0,4.0,0.5,0.5,0.5,2.0,2.0,1.0,0.5,0.5,0.0,1.0,2.0,2.0
249,90,130,90,154,"['Pressure', 'Multiscale']",1.0,2.0,1.0,2.0,1.0,0.25,1.0,1.0,2.0,0.5,0.0,2.0,1.0,1.0,0.5,2.0,1.0,1.0
250,130,90,110,154,"['Pressure', 'Regenerator']",0.25,1.0,1.0,2.0,0.5,0.5,0.5,1.0,1.0,0.25,0.0,1.0,1.0,1.0,1.0,4.0,0.5,2.0
251,100,100,100,100,['Natural Cure'],4.0,2.0,1.0,0.5,1.0,0.5,2.0,2.0,2.0,0.5,0.5,2.0,1.0,2.0,0.5,1.0,1.0,0.5
252,45,35,65,55,"['Overgrow', 'Unburden']",2.0,1.0,1.0,0.5,1.0,1.0,2.0,2.0,1.0,0.5,0.5,2.0,1.0,2.0,1.0,1.0,1.0,0.5
253,65,45,85,65,"['Overgrow', 'Unburden']",2.0,1.0,1.0,0.5,1.0,1.0,2.0,2.0,1.0,0.5,0.5,2.0,1.0,2.0,1.0,1.0,1.0,0.5
254,110,75,145,85,"['Overgrow', 'Unburden']",2.0,1.0,1.0,0.5,1.0,1.0,2.0,2.0,1.0,0.5,0.5,2.0,1.0,2.0,1.0,1.0,1.0,0.5
255,60,40,70,50,"['Blaze', 'Speed Boost']",0.5,1.0,1.0,1.0,0.5,1.0,0.5,1.0,1.0,0.5,2.0,0.5,1.0,1.0,1.0,2.0,0.5,2.0
256,85,60,85,60,"['Blaze', 'Speed Boost']",0.25,0.5,1.0,1.0,1.0,1.0,0.5,2.0,1.0,0.5,2.0,0.5,1.0,1.0,2.0,1.0,0.5,2.0
257,160,80,130,80,"['Blaze', 'Speed Boost']",0.25,0.5,1.0,1.0,1.0,1.0,0.5,2.0,1.0,0.5,2.0,0.5,1.0,1.0,2.0,1.0,0.5,2.0
258,70,50,50,50,"['Torrent', 'Damp']",1.0,1.0,1.0,2.0,1.0,1.0,0.5,1.0,1.0,2.0,1.0,0.5,1.0,1.0,1.0,1.0,0.5,0.5
259,85,70,60,70,"['Torrent', 'Damp']",1.0,1.0,1.0,0.0,1.0,1.0,0.5,1.0,1.0,4.0,1.0,1.0,1.0,0.5,1.0,0.5,0.5,1.0
260,150,110,95,110,"['Torrent', 'Damp']",1.0,1.0,1.0,0.0,1.0,1.0,0.5,1.0,1.0,4.0,1.0,1.0,1.0,0.5,1.0,0.5,0.5,1.0
261,55,35,30,30,"['Run Away', 'Quick Feet', 'Rattled']",2.0,0.5,1.0,1.0,2.0,2.0,1.0,1.0,0.5,1.0,1.0,1.0,1.0,1.0,0.0,1.0,1.0,1.0
262,90,70,60,60,"['Intimidate', 'Quick Feet', 'Moxie']",2.0,0.5,1.0,1.0,2.0,2.0,1.0,1.0,0.5,1.0,1.0,1.0,1.0,1.0,0.0,1.0,1.0,1.0
263,30,41,30,41,"['Pickup', 'Gluttony', 'Quick Feet']",1.0,1.0,1.0,1.0,1.0,2.0,1.0,1.0,0.0,1.0,1.0,1.0,1.0,1.0,1.0,1.0,1.0,1.0
264,70,61,50,61,"['Pickup', 'Gluttony', 'Quick Feet']",1.0,1.0,1.0,1.0,1.0,2.0,1.0,1.0,0.0,1.0,1.0,1.0,1.0,1.0,1.0,1.0,1.0,1.0
265,45,35,20,30,"['Shield Dust', 'Run Away']",1.0,1.0,1.0,1.0,1.0,0.5,2.0,2.0,1.0,0.5,0.5,1.0,1.0,1.0,1.0,2.0,1.0,1.0
266,35,55,25,25,['Shed Skin'],1.0,1.0,1.0,1.0,1.0,0.5,2.0,2.0,1.0,0.5,0.5,1.0,1.0,1.0,1.0,2.0,1.0,1.0
267,70,50,100,50,"['Swarm', 'Rivalry']",0.5,1.0,1.0,2.0,1.0,0.25,2.0,2.0,1.0,0.25,0.0,2.0,1.0,1.0,1.0,4.0,1.0,1.0
268,35,55,25,25,['Shed Skin'],1.0,1.0,1.0,1.0,1.0,0.5,2.0,2.0,1.0,0.5,0.5,1.0,1.0,1.0,1.0,2.0,1.0,1.0
269,50,70,50,90,"['Shield Dust', 'Compoundeyes']",0.5,1.0,1.0,1.0,0.5,0.25,2.0,2.0,1.0,0.25,1.0,1.0,1.0,0.5,2.0,2.0,1.0,1.0
270,30,30,40,50,"['Swift Swim', 'Rain Dish', 'Own Tempo']",2.0,1.0,1.0,1.0,1.0,1.0,1.0,2.0,1.0,1.0,0.5,1.0,1.0,2.0,1.0,1.0,0.5,0.25
271,50,50,60,70,"['Swift Swim', 'Rain Dish', 'Own Tempo']",2.0,1.0,1.0,1.0,1.0,1.0,1.0,2.0,1.0,1.0,0.5,1.0,1.0,2.0,1.0,1.0,0.5,0.25
272,70,70,90,100,"['Swift Swim', 'Rain Dish', 'Own Tempo']",2.0,1.0,1.0,1.0,1.0,1.0,1.0,2.0,1.0,1.0,0.5,1.0,1.0,2.0,1.0,1.0,0.5,0.25
273,40,50,30,30,"['Chlorophyll', 'Early Bird', 'Pickpocket']",2.0,1.0,1.0,0.5,1.0,1.0,2.0,2.0,1.0,0.5,0.5,2.0,1.0,2.0,1.0,1.0,1.0,0.5
274,70,40,60,40,"['Chlorophyll', 'Early Bird', 'Pickpocket']",4.0,0.5,1.0,0.5,2.0,2.0,2.0,2.0,0.5,0.5,0.5,2.0,1.0,2.0,0.0,1.0,1.0,0.5
275,100,60,90,60,"['Chlorophyll', 'Early Bird', 'Pickpocket']",4.0,0.5,1.0,0.5,2.0,2.0,2.0,2.0,0.5,0.5,0.5,2.0,1.0,2.0,0.0,1.0,1.0,0.5
276,55,30,30,30,"['Guts', 'Scrappy']",0.5,1.0,1.0,2.0,1.0,1.0,1.0,1.0,0.0,0.5,0.0,2.0,1.0,1.0,1.0,2.0,1.0,1.0
277,85,60,75,50,"['Guts', 'Scrappy']",0.5,1.0,1.0,2.0,1.0,1.0,1.0,1.0,0.0,0.5,0.0,2.0,1.0,1.0,1.0,2.0,1.0,1.0
278,30,30,55,30,"['Keen Eye', 'Hydration', 'Rain Dish']",0.5,1.0,1.0,4.0,1.0,0.5,0.5,1.0,1.0,1.0,0.0,1.0,1.0,1.0,1.0,2.0,0.5,0.5
279,50,100,95,70,"['Keen Eye', 'Drizzle', 'Rain Dish']",0.5,1.0,1.0,4.0,1.0,0.5,0.5,1.0,1.0,1.0,0.0,1.0,1.0,1.0,1.0,2.0,0.5,0.5
280,25,25,45,35,"['Synchronize', 'Trace', 'Telepathy']",1.0,1.0,0.0,1.0,1.0,0.25,1.0,1.0,2.0,1.0,1.0,1.0,1.0,2.0,0.5,1.0,2.0,1.0
281,35,35,65,55,"['Synchronize', 'Trace', 'Telepathy']",1.0,1.0,0.0,1.0,1.0,0.25,1.0,1.0,2.0,1.0,1.0,1.0,1.0,2.0,0.5,1.0,2.0,1.0
282,85,65,165,135,"['Synchronize', 'Trace', 'Telepathy']",1.0,1.0,0.0,1.0,1.0,0.25,1.0,1.0,2.0,1.0,1.0,1.0,1.0,2.0,0.5,1.0,2.0,1.0
283,30,32,50,52,"['Swift Swim', 'Rain Dish']",1.0,1.0,1.0,2.0,1.0,0.5,1.0,2.0,1.0,1.0,0.5,0.5,1.0,1.0,1.0,2.0,0.5,0.5
284,60,62,100,82,"['Intimidate', 'Unnerve']",0.5,1.0,1.0,2.0,1.0,0.25,2.0,2.0,1.0,0.25,0.0,2.0,1.0,1.0,1.0,4.0,1.0,1.0
285,40,60,40,60,"['Effect Spore', 'Poison Heal', 'Quick Feet']",2.0,1.0,1.0,0.5,1.0,1.0,2.0,2.0,1.0,0.5,0.5,2.0,1.0,2.0,1.0,1.0,1.0,0.5
286,130,80,60,60,"['Effect Spore', 'Poison Heal', 'Technician']",1.0,0.5,1.0,0.5,2.0,1.0,2.0,4.0,1.0,0.5,0.5,2.0,1.0,2.0,2.0,0.5,1.0,0.5
287,60,60,35,35,['Truant'],1.0,1.0,1.0,1.0,1.0,2.0,1.0,1.0,0.0,1.0,1.0,1.0,1.0,1.0,1.0,1.0,1.0,1.0
288,80,80,55,55,['Vital Spirit'],1.0,1.0,1.0,1.0,1.0,2.0,1.0,1.0,0.0,1.0,1.0,1.0,1.0,1.0,1.0,1.0,1.0,1.0
289,160,100,95,65,['Truant'],1.0,1.0,1.0,1.0,1.0,2.0,1.0,1.0,0.0,1.0,1.0,1.0,1.0,1.0,1.0,1.0,1.0,1.0
290,45,90,30,30,"['Compoundeyes', 'Run Away']",1.0,1.0,1.0,0.0,1.0,0.5,2.0,2.0,1.0,1.0,0.5,2.0,1.0,0.5,1.0,1.0,1.0,2.0
291,90,45,50,50,"['Speed Boost', 'Infiltrator']",0.5,1.0,1.0,2.0,1.0,0.25,2.0,2.0,1.0,0.25,0.0,2.0,1.0,1.0,1.0,4.0,1.0,1.0
292,90,45,30,30,['Wonder Guard'],0.5,2.0,1.0,1.0,1.0,0.0,2.0,2.0,2.0,0.5,0.5,1.0,0.0,0.5,1.0,2.0,1.0,1.0
293,51,23,51,23,"['Soundproof', 'Rattled']",1.0,1.0,1.0,1.0,1.0,2.0,1.0,1.0,0.0,1.0,1.0,1.0,1.0,1.0,1.0,1.0,1.0,1.0
294,71,43,71,43,"['Soundproof', 'Scrappy']",1.0,1.0,1.0,1.0,1.0,2.0,1.0,1.0,0.0,1.0,1.0,1.0,1.0,1.0,1.0,1.0,1.0,1.0
295,91,63,91,73,"['Soundproof', 'Scrappy']",1.0,1.0,1.0,1.0,1.0,2.0,1.0,1.0,0.0,1.0,1.0,1.0,1.0,1.0,1.0,1.0,1.0,1.0
296,60,30,20,30,"['Thick Fat', 'Guts', 'Sheer Force']",0.5,0.5,1.0,1.0,2.0,1.0,1.0,2.0,1.0,1.0,1.0,1.0,1.0,1.0,2.0,0.5,1.0,1.0
297,120,60,40,60,"['Thick Fat', 'Guts', 'Sheer Force']",0.5,0.5,1.0,1.0,2.0,1.0,1.0,2.0,1.0,1.0,1.0,1.0,1.0,1.0,2.0,0.5,1.0,1.0
298,20,40,20,40,"['Thick Fat', 'Huge Power', 'Sap Sipper']",0.5,0.5,0.0,1.0,1.0,1.0,1.0,1.0,0.0,1.0,1.0,1.0,1.0,2.0,1.0,1.0,2.0,1.0
299,45,135,45,90,"['Sturdy', 'Magnet Pull', 'Sand Force']",1.0,1.0,1.0,1.0,1.0,2.0,0.5,0.5,1.0,2.0,2.0,1.0,0.5,0.5,1.0,1.0,2.0,2.0
300,45,45,35,35,"['Cute Charm', 'Normalize', 'Wonder Skin ']",1.0,1.0,1.0,1.0,1.0,2.0,1.0,1.0,0.0,1.0,1.0,1.0,1.0,1.0,1.0,1.0,1.0,1.0
301,65,65,55,55,"['Cute Charm', 'Normalize', 'Wonder Skin ']",1.0,1.0,1.0,1.0,1.0,2.0,1.0,1.0,0.0,1.0,1.0,1.0,1.0,1.0,1.0,1.0,1.0,1.0
302,85,125,85,115,"['Keen Eye', 'Stall', 'Prankster']",1.0,1.0,1.0,1.0,2.0,0.0,1.0,1.0,1.0,1.0,1.0,1.0,0.0,0.5,0.0,1.0,1.0,1.0
303,105,125,55,95,"['Hyper Cutter', 'Intimidate', 'Sheer Force']",0.25,0.5,0.0,1.0,0.5,1.0,2.0,0.5,1.0,0.5,2.0,0.5,0.5,0.0,0.5,0.5,1.0,1.0
304,70,100,40,40,"['Sturdy', 'Rock Head', 'Heavy Metal']",0.5,1.0,0.5,1.0,0.5,4.0,1.0,0.25,1.0,1.0,4.0,0.5,0.25,0.0,0.5,0.5,1.0,2.0
305,90,140,50,50,"['Sturdy', 'Rock Head', 'Heavy Metal']",0.5,1.0,0.5,1.0,0.5,4.0,1.0,0.25,1.0,1.0,4.0,0.5,0.25,0.0,0.5,0.5,1.0,2.0
306,140,230,60,80,"['Sturdy', 'Rock Head', 'Heavy Metal']",0.5,1.0,0.5,1.0,0.5,4.0,1.0,0.25,1.0,1.0,4.0,0.5,0.25,0.0,0.5,0.5,1.0,2.0
307,40,55,40,55,"['Pure Power', 'Telepathy']",1.0,1.0,1.0,1.0,2.0,0.5,1.0,2.0,2.0,1.0,1.0,1.0,1.0,1.0,1.0,0.5,1.0,1.0
308,100,85,80,85,"['Pure Power', 'Telepathy']",1.0,1.0,1.0,1.0,2.0,0.5,1.0,2.0,2.0,1.0,1.0,1.0,1.0,1.0,1.0,0.5,1.0,1.0
309,45,40,65,40,"['Static', 'Lightningrod', 'Minus']",1.0,1.0,1.0,0.5,1.0,1.0,1.0,0.5,1.0,1.0,2.0,1.0,1.0,1.0,1.0,1.0,0.5,1.0
310,75,80,135,80,"['Static', 'Lightningrod', 'Minus']",1.0,1.0,1.0,0.5,1.0,1.0,1.0,0.5,1.0,1.0,2.0,1.0,1.0,1.0,1.0,1.0,0.5,1.0
311,50,40,85,75,"['Plus', 'Lightningrod']",1.0,1.0,1.0,0.5,1.0,1.0,1.0,0.5,1.0,1.0,2.0,1.0,1.0,1.0,1.0,1.0,0.5,1.0
312,40,50,75,85,"['Minus', 'Volt Absorb']",1.0,1.0,1.0,0.5,1.0,1.0,1.0,0.5,1.0,1.0,2.0,1.0,1.0,1.0,1.0,1.0,0.5,1.0
313,73,75,47,85,"['Illuminate', 'Swarm', 'Prankster']",1.0,1.0,1.0,1.0,1.0,0.5,2.0,2.0,1.0,0.5,0.5,1.0,1.0,1.0,1.0,2.0,1.0,1.0
314,47,75,73,85,"['Oblivious', 'Tinted Lens', 'Prankster']",1.0,1.0,1.0,1.0,1.0,0.5,2.0,2.0,1.0,0.5,0.5,1.0,1.0,1.0,1.0,2.0,1.0,1.0
315,60,45,100,80,"['Natural Cure', 'Poison Point', 'Leaf Guard']",1.0,1.0,1.0,0.5,0.5,0.5,2.0,2.0,1.0,0.25,1.0,2.0,1.0,1.0,2.0,1.0,1.0,0.5
316,43,53,43,53,"['Liquid Ooze', 'Sticky Hold', 'Gluttony']",0.5,1.0,1.0,1.0,0.5,0.5,1.0,1.0,1.0,0.5,2.0,1.0,1.0,0.5,2.0,1.0,1.0,1.0
317,73,83,73,83,"['Liquid Ooze', 'Sticky Hold', 'Gluttony']",0.5,1.0,1.0,1.0,0.5,0.5,1.0,1.0,1.0,0.5,2.0,1.0,1.0,0.5,2.0,1.0,1.0,1.0
318,90,20,65,20,"['Rough Skin', 'Speed Boost']",2.0,0.5,1.0,2.0,2.0,2.0,0.5,1.0,0.5,2.0,1.0,0.5,1.0,1.0,0.0,1.0,0.5,0.5
319,140,70,110,65,"['Rough Skin', 'Speed Boost']",2.0,0.5,1.0,2.0,2.0,2.0,0.5,1.0,0.5,2.0,1.0,0.5,1.0,1.0,0.0,1.0,0.5,0.5
320,70,35,70,35,"['Water Veil', 'Oblivious', 'Pressure']",1.0,1.0,1.0,2.0,1.0,1.0,0.5,1.0,1.0,2.0,1.0,0.5,1.0,1.0,1.0,1.0,0.5,0.5
321,90,45,90,45,"['Water Veil', 'Oblivious', 'Pressure']",1.0,1.0,1.0,2.0,1.0,1.0,0.5,1.0,1.0,2.0,1.0,0.5,1.0,1.0,1.0,1.0,0.5,0.5
322,60,40,65,45,"['Oblivious', 'Simple', 'Own Tempo']",0.5,1.0,1.0,0.0,0.5,1.0,0.5,1.0,1.0,1.0,2.0,1.0,1.0,0.5,1.0,1.0,0.5,4.0
323,120,100,145,105,"['Magma Armor', 'Solid Rock', 'Anger Point']",0.5,1.0,1.0,0.0,0.5,1.0,0.5,1.0,1.0,1.0,2.0,1.0,1.0,0.5,1.0,1.0,0.5,4.0
324,85,140,85,70,"['White Smoke', 'Drought', 'Shell Armor']",0.5,1.0,1.0,1.0,0.5,1.0,0.5,1.0,1.0,0.5,2.0,0.5,1.0,1.0,1.0,2.0,0.5,2.0
325,25,35,70,80,"['Thick Fat', 'Own Tempo', 'Gluttony']",2.0,2.0,1.0,1.0,1.0,0.5,1.0,1.0,2.0,1.0,1.0,1.0,1.0,1.0,0.5,1.0,1.0,1.0
326,45,65,90,110,"['Thick Fat', 'Own Tempo', 'Gluttony']",2.0,2.0,1.0,1.0,1.0,0.5,1.0,1.0,2.0,1.0,1.0,1.0,1.0,1.0,0.5,1.0,1.0,1.0
327,60,60,60,60,"['Own Tempo', 'Tangled Feet', 'Contrary']",1.0,1.0,1.0,1.0,1.0,2.0,1.0,1.0,0.0,1.0,1.0,1.0,1.0,1.0,1.0,1.0,1.0,1.0
328,100,45,45,45,"['Hyper Cutter', 'Arena Trap', 'Sheer Force']",1.0,1.0,1.0,0.0,1.0,1.0,1.0,1.0,1.0,2.0,1.0,2.0,1.0,0.5,1.0,0.5,1.0,2.0
329,70,50,50,50,['Levitate'],1.0,1.0,2.0,0.0,2.0,1.0,0.5,1.0,1.0,1.0,1.0,4.0,1.0,0.5,1.0,0.5,1.0,1.0
330,100,80,80,80,['Levitate'],1.0,1.0,2.0,0.0,2.0,1.0,0.5,1.0,1.0,1.0,1.0,4.0,1.0,0.5,1.0,0.5,1.0,1.0
331,85,40,85,40,"['Sand Veil', 'Water Absorb']",2.0,1.0,1.0,0.5,1.0,1.0,2.0,2.0,1.0,0.5,0.5,2.0,1.0,2.0,1.0,1.0,1.0,0.5
332,115,60,115,60,"['Sand Veil', 'Water Absorb']",4.0,0.5,1.0,0.5,2.0,2.0,2.0,2.0,0.5,0.5,0.5,2.0,1.0,2.0,0.0,1.0,1.0,0.5
333,40,60,40,75,"['Natural Cure', 'Cloud Nine']",0.5,1.0,1.0,2.0,1.0,1.0,1.0,1.0,0.0,0.5,0.0,2.0,1.0,1.0,1.0,2.0,1.0,1.0
334,110,110,110,105,"['Natural Cure', 'Cloud Nine']",0.5,1.0,2.0,1.0,2.0,0.5,0.5,1.0,1.0,0.25,0.0,4.0,1.0,1.0,1.0,2.0,1.0,0.5
335,115,60,60,60,"['Immunity', 'Toxic Boost']",1.0,1.0,1.0,1.0,1.0,2.0,1.0,1.0,0.0,1.0,1.0,1.0,1.0,1.0,1.0,1.0,1.0,1.0
336,100,60,100,60,"['Shed Skin', 'Infiltrator']",0.5,1.0,1.0,1.0,0.5,0.5,1.0,1.0,1.0,0.5,2.0,1.0,1.0,0.5,2.0,1.0,1.0,1.0
337,55,65,95,85,['Levitate'],2.0,2.0,1.0,1.0,1.0,1.0,0.5,0.5,2.0,2.0,2.0,1.0,0.5,0.5,0.5,1.0,2.0,2.0
338,95,85,55,65,['Levitate'],2.0,2.0,1.0,1.0,1.0,1.0,0.5,0.5,2.0,2.0,2.0,1.0,0.5,0.5,0.5,1.0,2.0,2.0
339,48,43,46,41,"['Oblivious', 'Anticipation', 'Hydration']",1.0,1.0,1.0,0.0,1.0,1.0,0.5,1.0,1.0,4.0,1.0,1.0,1.0,0.5,1.0,0.5,0.5,1.0
340,78,73,76,71,"['Oblivious', 'Anticipation', 'Hydration']",1.0,1.0,1.0,0.0,1.0,1.0,0.5,1.0,1.0,4.0,1.0,1.0,1.0,0.5,1.0,0.5,0.5,1.0
341,80,65,50,35,"['Hyper Cutter', 'Shell Armor', 'Adaptability']",1.0,1.0,1.0,2.0,1.0,1.0,0.5,1.0,1.0,2.0,1.0,0.5,1.0,1.0,1.0,1.0,0.5,0.5
342,120,85,90,55,"['Hyper Cutter', 'Shell Armor', 'Adaptability']",2.0,0.5,1.0,2.0,2.0,2.0,0.5,1.0,0.5,2.0,1.0,0.5,1.0,1.0,0.0,1.0,0.5,0.5
343,40,55,40,70,['Levitate'],2.0,2.0,1.0,0.0,1.0,0.5,1.0,1.0,2.0,2.0,1.0,2.0,1.0,0.5,0.5,0.5,1.0,2.0
344,70,105,70,120,['Levitate'],2.0,2.0,1.0,0.0,1.0,0.5,1.0,1.0,2.0,2.0,1.0,2.0,1.0,0.5,0.5,0.5,1.0,2.0
345,41,77,61,87,"['Suction Cups', 'Storm Drain']",2.0,1.0,1.0,0.5,1.0,2.0,1.0,1.0,1.0,1.0,1.0,2.0,0.5,1.0,1.0,1.0,2.0,1.0
346,81,97,81,107,"['Suction Cups', 'Storm Drain']",2.0,1.0,1.0,0.5,1.0,2.0,1.0,1.0,1.0,1.0,1.0,2.0,0.5,1.0,1.0,1.0,2.0,1.0
347,95,50,40,50,"['Battle Armor', 'Swift Swim']",1.0,1.0,1.0,1.0,1.0,1.0,1.0,1.0,1.0,1.0,1.0,1.0,0.5,0.5,1.0,2.0,2.0,2.0
348,125,100,70,80,"['Battle Armor', 'Swift Swim']",1.0,1.0,1.0,1.0,1.0,1.0,1.0,1.0,1.0,1.0,1.0,1.0,0.5,0.5,1.0,2.0,2.0,2.0
349,15,20,10,55,"['Swift Swim', 'Oblivious', 'Adaptability']",1.0,1.0,1.0,2.0,1.0,1.0,0.5,1.0,1.0,2.0,1.0,0.5,1.0,1.0,1.0,1.0,0.5,0.5
350,60,79,100,125,"['Marvel Scale', 'Competitive', 'Cute Charm']",1.0,1.0,1.0,2.0,1.0,1.0,0.5,1.0,1.0,2.0,1.0,0.5,1.0,1.0,1.0,1.0,0.5,0.5
351,70,70,70,70,['Forecast'],1.0,1.0,1.0,1.0,1.0,2.0,1.0,1.0,0.0,1.0,1.0,1.0,1.0,1.0,1.0,1.0,1.0,1.0
352,90,70,60,120,"['Color Change', 'Protean']",1.0,1.0,1.0,1.0,1.0,2.0,1.0,1.0,0.0,1.0,1.0,1.0,1.0,1.0,1.0,1.0,1.0,1.0
353,75,35,63,33,"['Insomnia', 'Frisk', 'Cursed Body']",0.5,2.0,1.0,1.0,1.0,0.0,1.0,1.0,2.0,1.0,1.0,1.0,0.0,0.5,1.0,1.0,1.0,1.0
354,165,75,93,83,"['Insomnia', 'Frisk', 'Cursed Body']",0.5,2.0,1.0,1.0,1.0,0.0,1.0,1.0,2.0,1.0,1.0,1.0,0.0,0.5,1.0,1.0,1.0,1.0
355,40,90,30,90,"['Levitate', 'Frisk']",0.5,2.0,1.0,1.0,1.0,0.0,1.0,1.0,2.0,1.0,1.0,1.0,0.0,0.5,1.0,1.0,1.0,1.0
356,70,130,60,130,"['Pressure', 'Frisk']",0.5,2.0,1.0,1.0,1.0,0.0,1.0,1.0,2.0,1.0,1.0,1.0,0.0,0.5,1.0,1.0,1.0,1.0
357,68,83,72,87,"['Chlorophyll', 'Solar Power', 'Harvest']",1.0,1.0,1.0,1.0,1.0,0.5,2.0,2.0,1.0,0.25,0.0,4.0,1.0,2.0,1.0,2.0,1.0,0.5
358,50,80,95,90,['Levitate'],2.0,2.0,1.0,1.0,1.0,0.5,1.0,1.0,2.0,1.0,1.0,1.0,1.0,1.0,0.5,1.0,1.0,1.0
359,150,60,115,60,"['Pressure', 'Super Luck', 'Justified']",2.0,0.5,1.0,1.0,2.0,2.0,1.0,1.0,0.5,1.0,1.0,1.0,1.0,1.0,0.0,1.0,1.0,1.0
360,23,48,23,48,"['Shadow Tag', 'Telepathy']",2.0,2.0,1.0,1.0,1.0,0.5,1.0,1.0,2.0,1.0,1.0,1.0,1.0,1.0,0.5,1.0,1.0,1.0
361,50,50,50,50,"['Inner Focus', 'Ice Body', 'Moody']",1.0,1.0,1.0,1.0,1.0,2.0,2.0,1.0,1.0,1.0,1.0,0.5,1.0,1.0,1.0,2.0,2.0,1.0
362,120,80,120,80,"['Inner Focus', 'Ice Body', 'Moody']",1.0,1.0,1.0,1.0,1.0,2.0,2.0,1.0,1.0,1.0,1.0,0.5,1.0,1.0,1.0,2.0,2.0,1.0
363,40,50,55,50,"['Thick Fat', 'Ice Body', 'Oblivious']",1.0,1.0,1.0,2.0,1.0,2.0,1.0,1.0,1.0,2.0,1.0,0.25,1.0,1.0,1.0,2.0,1.0,0.5
364,60,70,75,70,"['Thick Fat', 'Ice Body', 'Oblivious']",1.0,1.0,1.0,2.0,1.0,2.0,1.0,1.0,1.0,2.0,1.0,0.25,1.0,1.0,1.0,2.0,1.0,0.5
365,80,90,95,90,"['Thick Fat', 'Ice Body', 'Oblivious']",1.0,1.0,1.0,2.0,1.0,2.0,1.0,1.0,1.0,2.0,1.0,0.25,1.0,1.0,1.0,2.0,1.0,0.5
366,64,85,74,55,"['Shell Armor', 'Rattled']",1.0,1.0,1.0,2.0,1.0,1.0,0.5,1.0,1.0,2.0,1.0,0.5,1.0,1.0,1.0,1.0,0.5,0.5
367,104,105,94,75,"['Swift Swim', 'Water Veil']",1.0,1.0,1.0,2.0,1.0,1.0,0.5,1.0,1.0,2.0,1.0,0.5,1.0,1.0,1.0,1.0,0.5,0.5
368,84,105,114,75,"['Swift Swim', 'Hydration']",1.0,1.0,1.0,2.0,1.0,1.0,0.5,1.0,1.0,2.0,1.0,0.5,1.0,1.0,1.0,1.0,0.5,0.5
369,90,130,45,65,"['Swift Swim', 'Rock Head', 'Sturdy']",1.0,1.0,1.0,2.0,1.0,2.0,0.25,0.5,1.0,4.0,2.0,0.5,0.5,0.5,1.0,1.0,1.0,1.0
370,30,55,40,65,"['Swift Swim', 'Hydration']",1.0,1.0,1.0,2.0,1.0,1.0,0.5,1.0,1.0,2.0,1.0,0.5,1.0,1.0,1.0,1.0,0.5,0.5
371,75,60,40,30,"['Rock Head', 'Sheer Force']",1.0,1.0,2.0,0.5,2.0,1.0,0.5,1.0,1.0,0.5,1.0,2.0,1.0,1.0,1.0,1.0,1.0,0.5
372,95,100,60,50,"['Rock Head', 'Overcoat']",1.0,1.0,2.0,0.5,2.0,1.0,0.5,1.0,1.0,0.5,1.0,2.0,1.0,1.0,1.0,1.0,1.0,0.5
373,145,130,120,90,"['Intimidate', 'Moxie']",0.5,1.0,2.0,1.0,2.0,0.5,0.5,1.0,1.0,0.25,0.0,4.0,1.0,1.0,1.0,2.0,1.0,0.5
374,55,80,35,60,"['Clear Body', 'Light Metal']",1.0,2.0,0.5,1.0,0.5,1.0,2.0,0.5,2.0,0.5,2.0,0.5,0.5,0.0,0.25,0.5,0.5,1.0
375,75,100,55,80,"['Clear Body', 'Light Metal']",1.0,2.0,0.5,1.0,0.5,1.0,2.0,0.5,2.0,0.5,2.0,0.5,0.5,0.0,0.25,0.5,0.5,1.0
376,145,150,105,110,"['Clear Body', 'Light Metal']",1.0,2.0,0.5,1.0,0.5,1.0,2.0,0.5,2.0,0.5,2.0,0.5,0.5,0.0,0.25,0.5,0.5,1.0
377,100,200,50,100,"['Clear Body', 'Sturdy']",1.0,1.0,1.0,1.0,1.0,2.0,0.5,0.5,1.0,2.0,2.0,1.0,0.5,0.5,1.0,1.0,2.0,2.0
378,50,100,100,200,"['Clear Body', 'Ice Body']",1.0,1.0,1.0,1.0,1.0,2.0,2.0,1.0,1.0,1.0,1.0,0.5,1.0,1.0,1.0,2.0,2.0,1.0
379,75,150,75,150,"['Clear Body', 'Light Metal']",0.5,1.0,0.5,1.0,0.5,2.0,2.0,0.5,1.0,0.5,2.0,0.5,0.5,0.0,0.5,0.5,0.5,1.0
380,100,120,140,150,['Levitate'],2.0,2.0,2.0,0.5,2.0,0.5,0.5,1.0,2.0,0.5,1.0,2.0,1.0,1.0,0.5,1.0,1.0,0.5
381,130,100,160,120,['Levitate'],2.0,2.0,2.0,0.5,2.0,0.5,0.5,1.0,2.0,0.5,1.0,2.0,1.0,1.0,0.5,1.0,1.0,0.5
382,150,90,180,160,['Drizzle'],1.0,1.0,1.0,2.0,1.0,1.0,0.5,1.0,1.0,2.0,1.0,0.5,1.0,1.0,1.0,1.0,0.5,0.5
383,180,160,150,90,['Drought'],1.0,1.0,1.0,0.0,1.0,1.0,1.0,1.0,1.0,2.0,1.0,2.0,1.0,0.5,1.0,0.5,1.0,2.0
384,180,100,180,100,['Air Lock'],0.5,1.0,2.0,1.0,2.0,0.5,0.5,1.0,1.0,0.25,0.0,4.0,1.0,1.0,1.0,2.0,1.0,0.5
385,100,100,100,100,['Serene Grace'],1.0,2.0,0.5,1.0,0.5,1.0,2.0,0.5,2.0,0.5,2.0,0.5,0.5,0.0,0.25,0.5,0.5,1.0
386,95,90,95,90,['Pressure'],2.0,2.0,1.0,1.0,1.0,0.5,1.0,1.0,2.0,1.0,1.0,1.0,1.0,1.0,0.5,1.0,1.0,1.0
387,68,64,45,55,"['Overgrow', 'Shell Armor']",2.0,1.0,1.0,0.5,1.0,1.0,2.0,2.0,1.0,0.5,0.5,2.0,1.0,2.0,1.0,1.0,1.0,0.5
388,89,85,55,65,"['Overgrow', 'Shell Armor']",2.0,1.0,1.0,0.5,1.0,1.0,2.0,2.0,1.0,0.5,0.5,2.0,1.0,2.0,1.0,1.0,1.0,0.5
389,109,105,75,85,"['Overgrow', 'Shell Armor']",2.0,1.0,1.0,0.0,1.0,1.0,2.0,2.0,1.0,1.0,0.5,4.0,1.0,1.0,1.0,0.5,1.0,1.0
390,58,44,58,44,"['Blaze', 'Iron Fist']",0.5,1.0,1.0,1.0,0.5,1.0,0.5,1.0,1.0,0.5,2.0,0.5,1.0,1.0,1.0,2.0,0.5,2.0
391,78,52,78,52,"['Blaze', 'Iron Fist']",0.25,0.5,1.0,1.0,1.0,1.0,0.5,2.0,1.0,0.5,2.0,0.5,1.0,1.0,2.0,1.0,0.5,2.0
392,104,71,104,71,"['Blaze', 'Iron Fist']",0.25,0.5,1.0,1.0,1.0,1.0,0.5,2.0,1.0,0.5,2.0,0.5,1.0,1.0,2.0,1.0,0.5,2.0
393,51,53,61,56,"['Torrent', 'Defiant']",1.0,1.0,1.0,2.0,1.0,1.0,0.5,1.0,1.0,2.0,1.0,0.5,1.0,1.0,1.0,1.0,0.5,0.5
394,66,68,81,76,"['Torrent', 'Defiant']",1.0,1.0,1.0,2.0,1.0,1.0,0.5,1.0,1.0,2.0,1.0,0.5,1.0,1.0,1.0,1.0,0.5,0.5
395,86,88,111,101,"['Torrent', 'Defiant']",0.5,1.0,0.5,2.0,0.5,2.0,1.0,0.5,1.0,1.0,2.0,0.25,0.5,0.0,0.5,0.5,0.25,0.5
396,55,30,30,30,"['Keen Eye', 'Reckless']",0.5,1.0,1.0,2.0,1.0,1.0,1.0,1.0,0.0,0.5,0.0,2.0,1.0,1.0,1.0,2.0,1.0,1.0
397,75,50,40,40,"['Intimidate', 'Reckless']",0.5,1.0,1.0,2.0,1.0,1.0,1.0,1.0,0.0,0.5,0.0,2.0,1.0,1.0,1.0,2.0,1.0,1.0
398,120,70,50,60,"['Intimidate', 'Reckless']",0.5,1.0,1.0,2.0,1.0,1.0,1.0,1.0,0.0,0.5,0.0,2.0,1.0,1.0,1.0,2.0,1.0,1.0
399,45,40,35,40,"['Simple', 'Unaware', 'Moody']",1.0,1.0,1.0,1.0,1.0,2.0,1.0,1.0,0.0,1.0,1.0,1.0,1.0,1.0,1.0,1.0,1.0,1.0
400,85,60,55,60,"['Simple', 'Unaware', 'Moody']",1.0,1.0,1.0,2.0,1.0,2.0,0.5,1.0,0.0,2.0,1.0,0.5,1.0,1.0,1.0,1.0,0.5,0.5
401,25,41,25,41,"['Shed Skin', 'Run Away']",1.0,1.0,1.0,1.0,1.0,0.5,2.0,2.0,1.0,0.5,0.5,1.0,1.0,1.0,1.0,2.0,1.0,1.0
402,85,51,55,51,"['Swarm', 'Technician']",1.0,1.0,1.0,1.0,1.0,0.5,2.0,2.0,1.0,0.5,0.5,1.0,1.0,1.0,1.0,2.0,1.0,1.0
403,65,34,40,34,"['Rivalry', 'Intimidate', 'Guts']",1.0,1.0,1.0,0.5,1.0,1.0,1.0,0.5,1.0,1.0,2.0,1.0,1.0,1.0,1.0,1.0,0.5,1.0
404,85,49,60,49,"['Rivalry', 'Intimidate', 'Guts']",1.0,1.0,1.0,0.5,1.0,1.0,1.0,0.5,1.0,1.0,2.0,1.0,1.0,1.0,1.0,1.0,0.5,1.0
405,120,79,95,79,"['Rivalry', 'Intimidate', 'Guts']",1.0,1.0,1.0,0.5,1.0,1.0,1.0,0.5,1.0,1.0,2.0,1.0,1.0,1.0,1.0,1.0,0.5,1.0
406,30,35,50,70,"['Natural Cure', 'Poison Point', 'Leaf Guard']",1.0,1.0,1.0,0.5,0.5,0.5,2.0,2.0,1.0,0.25,1.0,2.0,1.0,1.0,2.0,1.0,1.0,0.5
407,70,65,125,105,"['Natural Cure', 'Poison Point', 'Technician']",1.0,1.0,1.0,0.5,0.5,0.5,2.0,2.0,1.0,0.25,1.0,2.0,1.0,1.0,2.0,1.0,1.0,0.5
408,125,40,30,30,"['Mold Breaker', 'Sheer Force']",1.0,1.0,1.0,1.0,1.0,2.0,0.5,0.5,1.0,2.0,2.0,1.0,0.5,0.5,1.0,1.0,2.0,2.0
409,165,60,65,50,"['Mold Breaker', 'Sheer Force']",1.0,1.0,1.0,1.0,1.0,2.0,0.5,0.5,1.0,2.0,2.0,1.0,0.5,0.5,1.0,1.0,2.0,2.0
410,42,118,42,88,"['Sturdy', 'Soundproof']",0.5,1.0,0.5,1.0,0.5,4.0,1.0,0.25,1.0,1.0,4.0,0.5,0.25,0.0,0.5,0.5,1.0,2.0
411,52,168,47,138,"['Sturdy', 'Soundproof']",0.5,1.0,0.5,1.0,0.5,4.0,1.0,0.25,1.0,1.0,4.0,0.5,0.25,0.0,0.5,0.5,1.0,2.0
412,29,45,29,45,"['Shed Skin', 'Overcoat']",1.0,1.0,1.0,1.0,1.0,0.5,2.0,2.0,1.0,0.5,0.5,1.0,1.0,1.0,1.0,2.0,1.0,1.0
413,69,95,69,95,"['Anticipation', 'Overcoat']",2.0,1.0,1.0,0.5,1.0,0.5,4.0,4.0,1.0,0.25,0.25,2.0,1.0,2.0,1.0,2.0,1.0,0.5
414,94,50,94,50,"['Swarm', 'Tinted Lens']",0.5,1.0,1.0,2.0,1.0,0.25,2.0,2.0,1.0,0.25,0.0,2.0,1.0,1.0,1.0,4.0,1.0,1.0
415,30,42,30,42,"['Honey Gather', 'Hustle']",0.5,1.0,1.0,2.0,1.0,0.25,2.0,2.0,1.0,0.25,0.0,2.0,1.0,1.0,1.0,4.0,1.0,1.0
416,80,102,80,102,"['Pressure', 'Unnerve']",0.5,1.0,1.0,2.0,1.0,0.25,2.0,2.0,1.0,0.25,0.0,2.0,1.0,1.0,1.0,4.0,1.0,1.0
417,45,70,45,90,"['Run Away', 'Pickup', 'Volt Absorb']",1.0,1.0,1.0,0.5,1.0,1.0,1.0,0.5,1.0,1.0,2.0,1.0,1.0,1.0,1.0,1.0,0.5,1.0
418,65,35,60,30,"['Swift Swim', 'Water Veil']",1.0,1.0,1.0,2.0,1.0,1.0,0.5,1.0,1.0,2.0,1.0,0.5,1.0,1.0,1.0,1.0,0.5,0.5
419,105,55,85,50,"['Swift Swim', 'Water Veil']",1.0,1.0,1.0,2.0,1.0,1.0,0.5,1.0,1.0,2.0,1.0,0.5,1.0,1.0,1.0,1.0,0.5,0.5
420,35,45,62,53,['Chlorophyll'],2.0,1.0,1.0,0.5,1.0,1.0,2.0,2.0,1.0,0.5,0.5,2.0,1.0,2.0,1.0,1.0,1.0,0.5
421,60,70,87,78,['Flower Gift'],2.0,1.0,1.0,0.5,1.0,1.0,2.0,2.0,1.0,0.5,0.5,2.0,1.0,2.0,1.0,1.0,1.0,0.5
422,48,48,57,62,"['Sticky Hold', 'Storm Drain', 'Sand Force']",1.0,1.0,1.0,2.0,1.0,1.0,0.5,1.0,1.0,2.0,1.0,0.5,1.0,1.0,1.0,1.0,0.5,0.5
423,83,68,92,82,"['Sticky Hold', 'Storm Drain', 'Sand Force']",1.0,1.0,1.0,0.0,1.0,1.0,0.5,1.0,1.0,4.0,1.0,1.0,1.0,0.5,1.0,0.5,0.5,1.0
424,100,66,60,66,"['Technician', 'Pickup', 'Skill Link']",1.0,1.0,1.0,1.0,1.0,2.0,1.0,1.0,0.0,1.0,1.0,1.0,1.0,1.0,1.0,1.0,1.0,1.0
425,50,34,60,44,"['Aftermath', 'Unburden', 'Flare Boost']",0.25,2.0,1.0,2.0,1.0,0.0,1.0,1.0,2.0,0.5,0.0,2.0,0.0,0.5,1.0,2.0,1.0,1.0
426,80,44,90,54,"['Aftermath', 'Unburden', 'Flare Boost']",0.25,2.0,1.0,2.0,1.0,0.0,1.0,1.0,2.0,0.5,0.0,2.0,0.0,0.5,1.0,2.0,1.0,1.0
427,66,44,44,56,"['Run Away', 'Klutz', 'Limber']",1.0,1.0,1.0,1.0,1.0,2.0,1.0,1.0,0.0,1.0,1.0,1.0,1.0,1.0,1.0,1.0,1.0,1.0
428,136,94,54,96,"['Cute Charm', 'Klutz', 'Limber']",1.0,1.0,1.0,1.0,1.0,2.0,1.0,1.0,0.0,1.0,1.0,1.0,1.0,1.0,1.0,1.0,1.0,1.0
429,60,60,105,105,['Levitate'],0.5,2.0,1.0,1.0,1.0,0.0,1.0,1.0,2.0,1.0,1.0,1.0,0.0,0.5,1.0,1.0,1.0,1.0
430,125,52,105,52,"['Insomnia', 'Super Luck', 'Moxie']",1.0,0.5,1.0,2.0,2.0,1.0,1.0,1.0,0.5,0.5,0.0,2.0,1.0,1.0,0.0,2.0,1.0,1.0
431,55,42,42,37,"['Limber', 'Own Tempo', 'Keen Eye']",1.0,1.0,1.0,1.0,1.0,2.0,1.0,1.0,0.0,1.0,1.0,1.0,1.0,1.0,1.0,1.0,1.0,1.0
432,82,64,64,59,"['Thick Fat', 'Own Tempo', 'Defiant']",1.0,1.0,1.0,1.0,1.0,2.0,1.0,1.0,0.0,1.0,1.0,1.0,1.0,1.0,1.0,1.0,1.0,1.0
433,30,50,65,50,['Levitate'],2.0,2.0,1.0,1.0,1.0,0.5,1.0,1.0,2.0,1.0,1.0,1.0,1.0,1.0,0.5,1.0,1.0,1.0
434,63,47,41,41,"['Stench', 'Aftermath', 'Keen Eye']",1.0,0.5,1.0,1.0,1.0,1.0,1.0,1.0,0.5,0.5,2.0,1.0,1.0,0.5,0.0,1.0,1.0,1.0
435,93,67,71,61,"['Stench', 'Aftermath', 'Keen Eye']",1.0,0.5,1.0,1.0,1.0,1.0,1.0,1.0,0.5,0.5,2.0,1.0,1.0,0.5,0.0,1.0,1.0,1.0
436,24,86,24,86,"['Levitate', 'Heatproof', 'Heavy Metal']",1.0,2.0,0.5,1.0,0.5,1.0,2.0,0.5,2.0,0.5,2.0,0.5,0.5,0.0,0.25,0.5,0.5,1.0
437,89,116,79,116,"['Levitate', 'Heatproof', 'Heavy Metal']",1.0,2.0,0.5,1.0,0.5,1.0,2.0,0.5,2.0,0.5,2.0,0.5,0.5,0.0,0.25,0.5,0.5,1.0
438,80,95,10,45,"['Sturdy', 'Rock Head', 'Rattled']",1.0,1.0,1.0,1.0,1.0,2.0,0.5,0.5,1.0,2.0,2.0,1.0,0.5,0.5,1.0,1.0,2.0,2.0
439,25,45,70,90,"['Soundproof', 'Filter', 'Technician']",1.0,1.0,0.0,1.0,1.0,0.25,1.0,1.0,2.0,1.0,1.0,1.0,1.0,2.0,0.5,1.0,2.0,1.0
440,5,5,15,65,"['Natural Cure', 'Serene Grace', 'Friend Guard']",1.0,1.0,1.0,1.0,1.0,2.0,1.0,1.0,0.0,1.0,1.0,1.0,1.0,1.0,1.0,1.0,1.0,1.0
441,65,45,92,42,"['Keen Eye', 'Tangled Feet', 'Big Pecks']",0.5,1.0,1.0,2.0,1.0,1.0,1.0,1.0,0.0,0.5,0.0,2.0,1.0,1.0,1.0,2.0,1.0,1.0
442,92,108,92,108,"['Pressure', 'Infiltrator']",1.0,1.0,1.0,1.0,2.0,0.0,1.0,1.0,1.0,1.0,1.0,1.0,0.0,0.5,0.0,1.0,1.0,1.0
443,70,45,40,45,"['Sand Veil', 'Rough Skin']",1.0,1.0,2.0,0.0,2.0,1.0,0.5,1.0,1.0,1.0,1.0,4.0,1.0,0.5,1.0,0.5,1.0,1.0
444,90,65,50,55,"['Sand Veil', 'Rough Skin']",1.0,1.0,2.0,0.0,2.0,1.0,0.5,1.0,1.0,1.0,1.0,4.0,1.0,0.5,1.0,0.5,1.0,1.0
445,170,115,120,95,"['Sand Veil', 'Rough Skin']",1.0,1.0,2.0,0.0,2.0,1.0,0.5,1.0,1.0,1.0,1.0,4.0,1.0,0.5,1.0,0.5,1.0,1.0
446,85,40,40,85,"['Pickup', 'Thick Fat', 'Gluttony']",1.0,1.0,1.0,1.0,1.0,2.0,1.0,1.0,0.0,1.0,1.0,1.0,1.0,1.0,1.0,1.0,1.0,1.0
447,70,40,35,40,"['Steadfast', 'Inner Focus', 'Prankster']",0.5,0.5,1.0,1.0,2.0,1.0,1.0,2.0,1.0,1.0,1.0,1.0,1.0,1.0,2.0,0.5,1.0,1.0
448,145,88,140,70,"['Steadfast', 'Inner Focus', 'Justified']",0.25,0.5,0.5,1.0,1.0,2.0,2.0,1.0,1.0,0.5,2.0,0.5,0.5,0.0,1.0,0.25,0.5,1.0
449,72,78,38,42,"['Sand Stream', 'Sand Force']",1.0,1.0,1.0,0.0,1.0,1.0,1.0,1.0,1.0,2.0,1.0,2.0,1.0,0.5,1.0,0.5,1.0,2.0
450,112,118,68,72,"['Sand Stream', 'Sand Force']",1.0,1.0,1.0,0.0,1.0,1.0,1.0,1.0,1.0,2.0,1.0,2.0,1.0,0.5,1.0,0.5,1.0,2.0
451,50,90,30,55,"['Battle Armor', 'Sniper', 'Keen Eye']",0.5,1.0,1.0,1.0,0.5,0.25,2.0,2.0,1.0,0.25,1.0,1.0,1.0,0.5,2.0,2.0,1.0,1.0
452,90,110,60,75,"['Battle Armor', 'Sniper', 'Keen Eye']",1.0,0.5,1.0,1.0,1.0,1.0,1.0,1.0,0.5,0.5,2.0,1.0,1.0,0.5,0.0,1.0,1.0,1.0
453,61,40,61,40,"['Anticipation', 'Dry Skin', 'Poison Touch']",0.25,0.5,1.0,1.0,1.0,0.5,1.0,2.0,1.0,0.5,2.0,1.0,1.0,0.5,4.0,0.5,1.0,1.0
454,106,65,86,65,"['Anticipation', 'Dry Skin', 'Poison Touch']",0.25,0.5,1.0,1.0,1.0,0.5,1.0,2.0,1.0,0.5,2.0,1.0,1.0,0.5,4.0,0.5,1.0,1.0
455,100,72,90,72,['Levitate'],2.0,1.0,1.0,0.5,1.0,1.0,2.0,2.0,1.0,0.5,0.5,2.0,1.0,2.0,1.0,1.0,1.0,0.5
456,49,56,49,61,"['Swift Swim', 'Storm Drain', 'Water Veil']",1.0,1.0,1.0,2.0,1.0,1.0,0.5,1.0,1.0,2.0,1.0,0.5,1.0,1.0,1.0,1.0,0.5,0.5
457,69,76,69,86,"['Swift Swim', 'Storm Drain', 'Water Veil']",1.0,1.0,1.0,2.0,1.0,1.0,0.5,1.0,1.0,2.0,1.0,0.5,1.0,1.0,1.0,1.0,0.5,0.5
458,20,50,60,120,"['Swift Swim', 'Water Absorb', 'Water Veil']",0.5,1.0,1.0,4.0,1.0,0.5,0.5,1.0,1.0,1.0,0.0,1.0,1.0,1.0,1.0,2.0,0.5,0.5
459,62,50,62,60,"['Snow Warning', 'Soundproof']",2.0,1.0,1.0,0.5,1.0,2.0,4.0,2.0,1.0,0.5,0.5,1.0,1.0,2.0,1.0,2.0,2.0,0.5
460,132,105,132,105,"['Snow Warning', 'Soundproof']",2.0,1.0,1.0,0.5,1.0,2.0,4.0,2.0,1.0,0.5,0.5,1.0,1.0,2.0,1.0,2.0,2.0,0.5
461,120,65,45,85,"['Pressure', 'Pickpocket']",2.0,0.5,1.0,1.0,2.0,4.0,2.0,1.0,0.5,1.0,1.0,0.5,1.0,1.0,0.0,2.0,2.0,1.0
462,70,115,130,90,"['Magnet Pull', 'Sturdy', 'Analytic']",0.5,1.0,0.5,0.5,0.5,2.0,2.0,0.25,1.0,0.5,4.0,0.5,0.5,0.0,0.5,0.5,0.25,1.0
463,85,95,80,95,"['Own Tempo', 'Oblivious', 'Cloud Nine']",1.0,1.0,1.0,1.0,1.0,2.0,1.0,1.0,0.0,1.0,1.0,1.0,1.0,1.0,1.0,1.0,1.0,1.0
464,140,130,55,55,"['Lightningrod', 'Solid Rock', 'Reckless']",1.0,1.0,1.0,0.0,1.0,2.0,0.5,0.5,1.0,4.0,2.0,2.0,0.5,0.25,1.0,0.5,2.0,4.0
465,100,125,110,50,"['Chlorophyll', 'Leaf Guard', 'Regenerator']",2.0,1.0,1.0,0.5,1.0,1.0,2.0,2.0,1.0,0.5,0.5,2.0,1.0,2.0,1.0,1.0,1.0,0.5
466,123,67,95,85,"['Motor Drive', 'Vital Spirit']",1.0,1.0,1.0,0.5,1.0,1.0,1.0,0.5,1.0,1.0,2.0,1.0,1.0,1.0,1.0,1.0,0.5,1.0
467,95,67,125,95,"['Flame Body', 'Vital Spirit']",0.5,1.0,1.0,1.0,0.5,1.0,0.5,1.0,1.0,0.5,2.0,0.5,1.0,1.0,1.0,2.0,0.5,2.0
468,50,95,120,115,"['Hustle', 'Serene Grace', 'Super Luck']",0.25,0.5,0.0,2.0,1.0,0.25,1.0,1.0,1.0,0.5,0.0,2.0,1.0,2.0,1.0,2.0,2.0,1.0
469,76,86,116,56,"['Speed Boost', 'Tinted Lens', 'Frisk']",0.5,1.0,1.0,2.0,1.0,0.25,2.0,2.0,1.0,0.25,0.0,2.0,1.0,1.0,1.0,4.0,1.0,1.0
470,110,130,60,65,"['Leaf Guard', 'Chlorophyll']",2.0,1.0,1.0,0.5,1.0,1.0,2.0,2.0,1.0,0.5,0.5,2.0,1.0,2.0,1.0,1.0,1.0,0.5
471,60,110,130,95,"['Snow Cloak', 'Ice Body']",1.0,1.0,1.0,1.0,1.0,2.0,2.0,1.0,1.0,1.0,1.0,0.5,1.0,1.0,1.0,2.0,2.0,1.0
472,95,125,45,75,"['Hyper Cutter', 'Sand Veil', 'Poison Heal']",0.5,1.0,1.0,0.0,1.0,0.5,1.0,1.0,1.0,1.0,0.0,4.0,1.0,0.5,1.0,1.0,1.0,2.0
473,130,80,70,60,"['Oblivious', 'Snow Cloak', 'Thick Fat']",1.0,1.0,1.0,0.0,1.0,2.0,2.0,1.0,1.0,2.0,1.0,1.0,1.0,0.5,1.0,1.0,2.0,2.0
474,80,70,135,75,"['Adaptability', 'Download', 'Analytic']",1.0,1.0,1.0,1.0,1.0,2.0,1.0,1.0,0.0,1.0,1.0,1.0,1.0,1.0,1.0,1.0,1.0,1.0
475,165,95,65,115,"['Steadfast', 'Justified']",1.0,1.0,1.0,1.0,2.0,0.5,1.0,2.0,2.0,1.0,1.0,1.0,1.0,1.0,1.0,0.5,1.0,1.0
476,55,145,75,150,"['Sturdy', 'Magnet Pull', 'Sand Force']",0.5,1.0,0.5,1.0,0.5,4.0,1.0,0.25,1.0,1.0,4.0,0.5,0.25,0.0,0.5,0.5,1.0,2.0
477,100,135,65,135,"['Pressure', 'Frisk']",0.5,2.0,1.0,1.0,1.0,0.0,1.0,1.0,2.0,1.0,1.0,1.0,0.0,0.5,1.0,1.0,1.0,1.0
478,80,70,80,70,"['Snow Cloak', 'Cursed Body']",0.5,2.0,1.0,1.0,1.0,0.0,2.0,1.0,2.0,1.0,1.0,0.5,0.0,0.5,1.0,2.0,2.0,1.0
479,65,107,105,107,['Levitate'],0.5,2.0,1.0,0.5,1.0,0.0,1.0,0.5,2.0,1.0,2.0,1.0,0.0,0.5,1.0,1.0,0.5,1.0
480,75,130,75,130,['Levitate'],2.0,2.0,1.0,1.0,1.0,0.5,1.0,1.0,2.0,1.0,1.0,1.0,1.0,1.0,0.5,1.0,1.0,1.0
481,105,105,105,105,['Levitate'],2.0,2.0,1.0,1.0,1.0,0.5,1.0,1.0,2.0,1.0,1.0,1.0,1.0,1.0,0.5,1.0,1.0,1.0
482,125,70,125,70,['Levitate'],2.0,2.0,1.0,1.0,1.0,0.5,1.0,1.0,2.0,1.0,1.0,1.0,1.0,1.0,0.5,1.0,1.0,1.0
483,120,120,150,100,"['Pressure', 'Telepathy']",0.5,1.0,1.0,0.5,1.0,2.0,1.0,0.5,1.0,0.25,2.0,1.0,0.5,0.0,0.5,0.5,0.5,0.5
484,120,100,150,120,"['Pressure', 'Telepathy']",1.0,1.0,2.0,1.0,2.0,1.0,0.25,1.0,1.0,1.0,1.0,1.0,1.0,1.0,1.0,1.0,0.5,0.25
485,90,106,130,106,"['Flash Fire', 'Flame Body']",0.25,1.0,0.5,1.0,0.25,2.0,1.0,0.5,1.0,0.25,4.0,0.25,0.5,0.0,0.5,1.0,0.25,2.0
486,160,110,80,110,['Slow Start'],1.0,1.0,1.0,1.0,1.0,2.0,1.0,1.0,0.0,1.0,1.0,1.0,1.0,1.0,1.0,1.0,1.0,1.0
487,120,100,120,100,"['Pressure', 'Telepathy', 'Levitate']",0.5,2.0,2.0,0.5,2.0,0.0,0.5,1.0,2.0,0.5,1.0,2.0,0.0,0.5,1.0,1.0,1.0,0.5
488,70,120,75,130,['Levitate'],2.0,2.0,1.0,1.0,1.0,0.5,1.0,1.0,2.0,1.0,1.0,1.0,1.0,1.0,0.5,1.0,1.0,1.0
489,80,80,80,80,['Hydration'],1.0,1.0,1.0,2.0,1.0,1.0,0.5,1.0,1.0,2.0,1.0,0.5,1.0,1.0,1.0,1.0,0.5,0.5
490,100,100,100,100,['Hydration'],1.0,1.0,1.0,2.0,1.0,1.0,0.5,1.0,1.0,2.0,1.0,0.5,1.0,1.0,1.0,1.0,0.5,0.5
491,90,90,135,90,['Bad Dreams'],2.0,0.5,1.0,1.0,2.0,2.0,1.0,1.0,0.5,1.0,1.0,1.0,1.0,1.0,0.0,1.0,1.0,1.0
492,103,75,120,75,"['Natural Cure', 'Serene Grace']",2.0,1.0,1.0,0.5,1.0,1.0,2.0,2.0,1.0,0.5,0.5,2.0,1.0,2.0,1.0,1.0,1.0,0.5
493,120,120,120,120,['Multitype'],1.0,1.0,1.0,1.0,1.0,2.0,1.0,1.0,0.0,1.0,1.0,1.0,1.0,1.0,1.0,1.0,1.0,1.0
494,100,100,100,100,['Victory Star'],1.0,2.0,1.0,1.0,0.5,0.5,0.5,1.0,2.0,0.5,2.0,0.5,1.0,1.0,0.5,2.0,0.5,2.0
495,45,55,45,55,"['Overgrow', 'Contrary']",2.0,1.0,1.0,0.5,1.0,1.0,2.0,2.0,1.0,0.5,0.5,2.0,1.0,2.0,1.0,1.0,1.0,0.5
496,60,75,60,75,"['Overgrow', 'Contrary']",2.0,1.0,1.0,0.5,1.0,1.0,2.0,2.0,1.0,0.5,0.5,2.0,1.0,2.0,1.0,1.0,1.0,0.5
497,75,95,75,95,"['Overgrow', 'Contrary']",2.0,1.0,1.0,0.5,1.0,1.0,2.0,2.0,1.0,0.5,0.5,2.0,1.0,2.0,1.0,1.0,1.0,0.5
498,63,45,45,45,"['Blaze', 'Thick Fat']",0.5,1.0,1.0,1.0,0.5,1.0,0.5,1.0,1.0,0.5,2.0,0.5,1.0,1.0,1.0,2.0,0.5,2.0
499,93,55,70,55,"['Blaze', 'Thick Fat']",0.25,0.5,1.0,1.0,1.0,1.0,0.5,2.0,1.0,0.5,2.0,0.5,1.0,1.0,2.0,1.0,0.5,2.0
500,123,65,100,65,"['Blaze', 'Reckless']",0.25,0.5,1.0,1.0,1.0,1.0,0.5,2.0,1.0,0.5,2.0,0.5,1.0,1.0,2.0,1.0,0.5,2.0
501,55,45,63,45,"['Torrent', 'Shell Armor']",1.0,1.0,1.0,2.0,1.0,1.0,0.5,1.0,1.0,2.0,1.0,0.5,1.0,1.0,1.0,1.0,0.5,0.5
502,75,60,83,60,"['Torrent', 'Shell Armor']",1.0,1.0,1.0,2.0,1.0,1.0,0.5,1.0,1.0,2.0,1.0,0.5,1.0,1.0,1.0,1.0,0.5,0.5
503,100,85,108,70,"['Torrent', 'Shell Armor']",1.0,1.0,1.0,2.0,1.0,1.0,0.5,1.0,1.0,2.0,1.0,0.5,1.0,1.0,1.0,1.0,0.5,0.5
504,55,39,35,39,"['Run Away', 'Keen Eye', 'Analytic']",1.0,1.0,1.0,1.0,1.0,2.0,1.0,1.0,0.0,1.0,1.0,1.0,1.0,1.0,1.0,1.0,1.0,1.0
505,85,69,60,69,"['Illuminate', 'Keen Eye', 'Analytic']",1.0,1.0,1.0,1.0,1.0,2.0,1.0,1.0,0.0,1.0,1.0,1.0,1.0,1.0,1.0,1.0,1.0,1.0
506,60,45,25,45,"['Vital Spirit', 'Pickup', 'Run Away']",1.0,1.0,1.0,1.0,1.0,2.0,1.0,1.0,0.0,1.0,1.0,1.0,1.0,1.0,1.0,1.0,1.0,1.0
507,80,65,35,65,"['Intimidate', 'Sand Rush', 'Scrappy']",1.0,1.0,1.0,1.0,1.0,2.0,1.0,1.0,0.0,1.0,1.0,1.0,1.0,1.0,1.0,1.0,1.0,1.0
508,110,90,45,90,"['Intimidate', 'Sand Rush', 'Scrappy']",1.0,1.0,1.0,1.0,1.0,2.0,1.0,1.0,0.0,1.0,1.0,1.0,1.0,1.0,1.0,1.0,1.0,1.0
509,50,37,50,37,"['Limber', 'Unburden', 'Prankster']",2.0,0.5,1.0,1.0,2.0,2.0,1.0,1.0,0.5,1.0,1.0,1.0,1.0,1.0,0.0,1.0,1.0,1.0
510,88,50,88,50,"['Limber', 'Unburden', 'Prankster']",2.0,0.5,1.0,1.0,2.0,2.0,1.0,1.0,0.5,1.0,1.0,1.0,1.0,1.0,0.0,1.0,1.0,1.0
511,53,48,53,48,"['Gluttony', 'Overgrow']",2.0,1.0,1.0,0.5,1.0,1.0,2.0,2.0,1.0,0.5,0.5,2.0,1.0,2.0,1.0,1.0,1.0,0.5
512,98,63,98,63,"['Gluttony', 'Overgrow']",2.0,1.0,1.0,0.5,1.0,1.0,2.0,2.0,1.0,0.5,0.5,2.0,1.0,2.0,1.0,1.0,1.0,0.5
513,53,48,53,48,"['Gluttony', 'Blaze']",0.5,1.0,1.0,1.0,0.5,1.0,0.5,1.0,1.0,0.5,2.0,0.5,1.0,1.0,1.0,2.0,0.5,2.0
514,98,63,98,63,"['Gluttony', 'Blaze']",0.5,1.0,1.0,1.0,0.5,1.0,0.5,1.0,1.0,0.5,2.0,0.5,1.0,1.0,1.0,2.0,0.5,2.0
515,53,48,53,48,"['Gluttony', 'Torrent']",1.0,1.0,1.0,2.0,1.0,1.0,0.5,1.0,1.0,2.0,1.0,0.5,1.0,1.0,1.0,1.0,0.5,0.5
516,98,63,98,63,"['Gluttony', 'Torrent']",1.0,1.0,1.0,2.0,1.0,1.0,0.5,1.0,1.0,2.0,1.0,0.5,1.0,1.0,1.0,1.0,0.5,0.5
517,25,45,67,55,"['Forewarn', 'Synchronize', 'Telepathy']",2.0,2.0,1.0,1.0,1.0,0.5,1.0,1.0,2.0,1.0,1.0,1.0,1.0,1.0,0.5,1.0,1.0,1.0
518,55,85,107,95,"['Forewarn', 'Synchronize', 'Telepathy']",2.0,2.0,1.0,1.0,1.0,0.5,1.0,1.0,2.0,1.0,1.0,1.0,1.0,1.0,0.5,1.0,1.0,1.0
519,55,50,36,30,"['Big Pecks', 'Super Luck', 'Rivalry']",0.5,1.0,1.0,2.0,1.0,1.0,1.0,1.0,0.0,0.5,0.0,2.0,1.0,1.0,1.0,2.0,1.0,1.0
520,77,62,50,42,"['Big Pecks', 'Super Luck', 'Rivalry']",0.5,1.0,1.0,2.0,1.0,1.0,1.0,1.0,0.0,0.5,0.0,2.0,1.0,1.0,1.0,2.0,1.0,1.0
521,115,80,65,55,"['Big Pecks', 'Super Luck', 'Rivalry']",0.5,1.0,1.0,2.0,1.0,1.0,1.0,1.0,0.0,0.5,0.0,2.0,1.0,1.0,1.0,2.0,1.0,1.0
522,60,32,50,32,"['Lightningrod', 'Motor Drive', 'Sap Sipper']",1.0,1.0,1.0,0.5,1.0,1.0,1.0,0.5,1.0,1.0,2.0,1.0,1.0,1.0,1.0,1.0,0.5,1.0
523,100,63,80,63,"['Lightningrod', 'Motor Drive', 'Sap Sipper']",1.0,1.0,1.0,0.5,1.0,1.0,1.0,0.5,1.0,1.0,2.0,1.0,1.0,1.0,1.0,1.0,0.5,1.0
524,75,85,25,25,"['Sturdy', 'Weak Armor', 'Sand Force']",1.0,1.0,1.0,1.0,1.0,2.0,0.5,0.5,1.0,2.0,2.0,1.0,0.5,0.5,1.0,1.0,2.0,2.0
525,105,105,50,40,"['Sturdy', 'Weak Armor', 'Sand Force']",1.0,1.0,1.0,1.0,1.0,2.0,0.5,0.5,1.0,2.0,2.0,1.0,0.5,0.5,1.0,1.0,2.0,2.0
526,135,130,60,80,"['Sturdy', 'Sand Stream', 'Sand Force']",1.0,1.0,1.0,1.0,1.0,2.0,0.5,0.5,1.0,2.0,2.0,1.0,0.5,0.5,1.0,1.0,2.0,2.0
527,45,43,55,43,"['Unaware', 'Klutz', 'Simple']",1.0,2.0,1.0,2.0,1.0,0.25,1.0,1.0,2.0,0.5,0.0,2.0,1.0,1.0,0.5,2.0,1.0,1.0
528,57,55,77,55,"['Unaware', 'Klutz', 'Simple']",1.0,2.0,1.0,2.0,1.0,0.25,1.0,1.0,2.0,0.5,0.0,2.0,1.0,1.0,0.5,2.0,1.0,1.0
529,85,40,30,45,"['Sand Rush', 'Sand Force', 'Mold Breaker']",1.0,1.0,1.0,0.0,1.0,1.0,1.0,1.0,1.0,2.0,1.0,2.0,1.0,0.5,1.0,0.5,1.0,2.0
530,135,60,50,65,"['Sand Rush', 'Sand Force', 'Mold Breaker']",0.5,1.0,0.5,0.0,0.5,2.0,2.0,0.5,1.0,1.0,2.0,1.0,0.5,0.0,0.5,0.25,0.5,2.0
531,60,126,80,126,"['Healer', 'Regenerator', 'Klutz']",1.0,1.0,1.0,1.0,1.0,2.0,1.0,1.0,0.0,1.0,1.0,1.0,1.0,1.0,1.0,1.0,1.0,1.0
532,80,55,25,35,"['Guts', 'Sheer Force', 'Iron Fist']",0.5,0.5,1.0,1.0,2.0,1.0,1.0,2.0,1.0,1.0,1.0,1.0,1.0,1.0,2.0,0.5,1.0,1.0
533,105,85,40,50,"['Guts', 'Sheer Force', 'Iron Fist']",0.5,0.5,1.0,1.0,2.0,1.0,1.0,2.0,1.0,1.0,1.0,1.0,1.0,1.0,2.0,0.5,1.0,1.0
534,140,95,55,65,"['Guts', 'Sheer Force', 'Iron Fist']",0.5,0.5,1.0,1.0,2.0,1.0,1.0,2.0,1.0,1.0,1.0,1.0,1.0,1.0,2.0,0.5,1.0,1.0
535,50,40,50,40,"['Swift Swim', 'Hydration', 'Water Absorb']",1.0,1.0,1.0,2.0,1.0,1.0,0.5,1.0,1.0,2.0,1.0,0.5,1.0,1.0,1.0,1.0,0.5,0.5
536,65,55,65,55,"['Swift Swim', 'Hydration', 'Water Absorb']",1.0,1.0,1.0,0.0,1.0,1.0,0.5,1.0,1.0,4.0,1.0,1.0,1.0,0.5,1.0,0.5,0.5,1.0
537,95,75,85,75,"['Swift Swim', 'Poison Touch', 'Water Absorb']",1.0,1.0,1.0,0.0,1.0,1.0,0.5,1.0,1.0,4.0,1.0,1.0,1.0,0.5,1.0,0.5,0.5,1.0
538,100,85,30,85,"['Guts', 'Inner Focus', 'Mold Breaker']",0.5,0.5,1.0,1.0,2.0,1.0,1.0,2.0,1.0,1.0,1.0,1.0,1.0,1.0,2.0,0.5,1.0,1.0
539,125,75,30,75,"['Sturdy', 'Inner Focus', 'Mold Breaker']",0.5,0.5,1.0,1.0,2.0,1.0,1.0,2.0,1.0,1.0,1.0,1.0,1.0,1.0,2.0,0.5,1.0,1.0
540,53,70,40,60,"['Swarm', 'Chlorophyll', 'Overcoat']",2.0,1.0,1.0,0.5,1.0,0.5,4.0,4.0,1.0,0.25,0.25,2.0,1.0,2.0,1.0,2.0,1.0,0.5
541,63,90,50,80,"['Leaf Guard', 'Chlorophyll', 'Overcoat']",2.0,1.0,1.0,0.5,1.0,0.5,4.0,4.0,1.0,0.25,0.25,2.0,1.0,2.0,1.0,2.0,1.0,0.5
542,103,80,70,80,"['Swarm', 'Chlorophyll', 'Overcoat']",2.0,1.0,1.0,0.5,1.0,0.5,4.0,4.0,1.0,0.25,0.25,2.0,1.0,2.0,1.0,2.0,1.0,0.5
543,45,59,30,39,"['Poison Point', 'Swarm', 'Speed Boost']",0.5,1.0,1.0,1.0,0.5,0.25,2.0,2.0,1.0,0.25,1.0,1.0,1.0,0.5,2.0,2.0,1.0,1.0
544,55,99,40,79,"['Poison Point', 'Swarm', 'Speed Boost']",0.5,1.0,1.0,1.0,0.5,0.25,2.0,2.0,1.0,0.25,1.0,1.0,1.0,0.5,2.0,2.0,1.0,1.0
545,100,89,55,69,"['Poison Point', 'Swarm', 'Speed Boost']",0.5,1.0,1.0,1.0,0.5,0.25,2.0,2.0,1.0,0.25,1.0,1.0,1.0,0.5,2.0,2.0,1.0,1.0
546,27,60,37,50,"['Prankster', 'Infiltrator', 'Chlorophyll']",1.0,0.5,0.0,0.5,1.0,0.5,2.0,2.0,1.0,0.5,0.5,2.0,1.0,4.0,1.0,1.0,2.0,0.5
547,67,85,77,75,"['Prankster', 'Infiltrator', 'Chlorophyll']",1.0,0.5,0.0,0.5,1.0,0.5,2.0,2.0,1.0,0.5,0.5,2.0,1.0,4.0,1.0,1.0,2.0,0.5
548,35,50,70,50,"['Chlorophyll', 'Own Tempo', 'Leaf Guard']",2.0,1.0,1.0,0.5,1.0,1.0,2.0,2.0,1.0,0.5,0.5,2.0,1.0,2.0,1.0,1.0,1.0,0.5
549,60,75,110,75,"['Chlorophyll', 'Own Tempo', 'Leaf Guard']",2.0,1.0,1.0,0.5,1.0,1.0,2.0,2.0,1.0,0.5,0.5,2.0,1.0,2.0,1.0,1.0,1.0,0.5
550,92,65,80,55,"['Reckless', 'Rock Head', 'Adaptability', 'Mold Breaker']",1.0,1.0,1.0,2.0,1.0,1.0,0.5,1.0,1.0,2.0,1.0,0.5,1.0,1.0,1.0,1.0,0.5,0.5
551,72,35,35,35,"['Intimidate', 'Moxie', 'Anger Point']",2.0,0.5,1.0,0.0,2.0,2.0,1.0,1.0,0.5,2.0,1.0,2.0,1.0,0.5,0.0,0.5,1.0,2.0
552,82,45,45,45,"['Intimidate', 'Moxie', 'Anger Point']",2.0,0.5,1.0,0.0,2.0,2.0,1.0,1.0,0.5,2.0,1.0,2.0,1.0,0.5,0.0,0.5,1.0,2.0
553,117,80,65,70,"['Intimidate', 'Moxie', 'Anger Point']",2.0,0.5,1.0,0.0,2.0,2.0,1.0,1.0,0.5,2.0,1.0,2.0,1.0,0.5,0.0,0.5,1.0,2.0
554,90,45,15,45,"['Hustle', 'Inner Focus']",0.5,1.0,1.0,1.0,0.5,1.0,0.5,1.0,1.0,0.5,2.0,0.5,1.0,1.0,1.0,2.0,0.5,2.0
555,30,105,140,105,"['Sheer Force', 'Zen Mode']",0.5,1.0,1.0,1.0,0.5,1.0,0.5,1.0,1.0,0.5,2.0,0.5,1.0,1.0,1.0,2.0,0.5,2.0
556,86,67,106,67,"['Water Absorb', 'Chlorophyll', 'Storm Drain']",2.0,1.0,1.0,0.5,1.0,1.0,2.0,2.0,1.0,0.5,0.5,2.0,1.0,2.0,1.0,1.0,1.0,0.5
557,65,85,35,35,"['Sturdy', 'Shell Armor', 'Weak Armor']",1.0,1.0,1.0,1.0,1.0,1.0,1.0,1.0,1.0,1.0,1.0,1.0,0.5,0.5,1.0,2.0,2.0,2.0
558,105,125,65,75,"['Sturdy', 'Shell Armor', 'Weak Armor']",1.0,1.0,1.0,1.0,1.0,1.0,1.0,1.0,1.0,1.0,1.0,1.0,0.5,0.5,1.0,2.0,2.0,2.0
559,75,70,35,70,"['Shed Skin', 'Moxie', 'Intimidate']",1.0,0.25,1.0,1.0,4.0,2.0,1.0,2.0,0.5,1.0,1.0,1.0,1.0,1.0,0.0,0.5,1.0,1.0
560,90,115,45,115,"['Shed Skin', 'Moxie', 'Intimidate']",1.0,0.25,1.0,1.0,4.0,2.0,1.0,2.0,0.5,1.0,1.0,1.0,1.0,1.0,0.0,0.5,1.0,1.0
561,58,80,103,80,"['Wonder Skin ', 'Magic Guard', 'Tinted Lens']",1.0,2.0,1.0,2.0,1.0,0.25,1.0,1.0,2.0,0.5,0.0,2.0,1.0,1.0,0.5,2.0,1.0,1.0
562,30,85,55,65,['Mummy'],0.5,2.0,1.0,1.0,1.0,0.0,1.0,1.0,2.0,1.0,1.0,1.0,0.0,0.5,1.0,1.0,1.0,1.0
563,50,145,95,105,['Mummy'],0.5,2.0,1.0,1.0,1.0,0.0,1.0,1.0,2.0,1.0,1.0,1.0,0.0,0.5,1.0,1.0,1.0,1.0
564,78,103,53,45,"['Solid Rock', 'Sturdy', 'Swift Swim']",1.0,1.0,1.0,2.0,1.0,2.0,0.25,0.5,1.0,4.0,2.0,0.5,0.5,0.5,1.0,1.0,1.0,1.0
565,108,133,83,65,"['Solid Rock', 'Sturdy', 'Swift Swim']",1.0,1.0,1.0,2.0,1.0,2.0,0.25,0.5,1.0,4.0,2.0,0.5,0.5,0.5,1.0,1.0,1.0,1.0
566,112,45,74,45,['Defeatist'],0.5,1.0,1.0,2.0,1.0,1.0,0.5,0.5,1.0,1.0,0.0,2.0,0.5,0.5,1.0,2.0,2.0,2.0
567,140,65,112,65,['Defeatist'],0.5,1.0,1.0,2.0,1.0,1.0,0.5,0.5,1.0,1.0,0.0,2.0,0.5,0.5,1.0,2.0,2.0,2.0
568,50,62,40,62,"['Stench', 'Sticky Hold', 'Aftermath']",0.5,1.0,1.0,1.0,0.5,0.5,1.0,1.0,1.0,0.5,2.0,1.0,1.0,0.5,2.0,1.0,1.0,1.0
569,95,82,60,82,"['Stench', 'Weak Armor', 'Aftermath']",0.5,1.0,1.0,1.0,0.5,0.5,1.0,1.0,1.0,0.5,2.0,1.0,1.0,0.5,2.0,1.0,1.0,1.0
570,65,40,80,40,['Illusion'],2.0,0.5,1.0,1.0,2.0,2.0,1.0,1.0,0.5,1.0,1.0,1.0,1.0,1.0,0.0,1.0,1.0,1.0
571,105,60,120,60,['Illusion'],2.0,0.5,1.0,1.0,2.0,2.0,1.0,1.0,0.5,1.0,1.0,1.0,1.0,1.0,0.0,1.0,1.0,1.0
572,50,40,40,40,"['Cute Charm', 'Technician', 'Skill Link']",1.0,1.0,1.0,1.0,1.0,2.0,1.0,1.0,0.0,1.0,1.0,1.0,1.0,1.0,1.0,1.0,1.0,1.0
573,95,60,65,60,"['Cute Charm', 'Technician', 'Skill Link']",1.0,1.0,1.0,1.0,1.0,2.0,1.0,1.0,0.0,1.0,1.0,1.0,1.0,1.0,1.0,1.0,1.0,1.0
574,30,50,55,65,"['Frisk', 'Competitive', 'Shadow Tag']",2.0,2.0,1.0,1.0,1.0,0.5,1.0,1.0,2.0,1.0,1.0,1.0,1.0,1.0,0.5,1.0,1.0,1.0
575,45,70,75,85,"['Frisk', 'Competitive', 'Shadow Tag']",2.0,2.0,1.0,1.0,1.0,0.5,1.0,1.0,2.0,1.0,1.0,1.0,1.0,1.0,0.5,1.0,1.0,1.0
576,55,95,95,110,"['Frisk', 'Competitive', 'Shadow Tag']",2.0,2.0,1.0,1.0,1.0,0.5,1.0,1.0,2.0,1.0,1.0,1.0,1.0,1.0,0.5,1.0,1.0,1.0
577,30,40,105,50,"['Overcoat', 'Magic Guard', 'Regenerator']",2.0,2.0,1.0,1.0,1.0,0.5,1.0,1.0,2.0,1.0,1.0,1.0,1.0,1.0,0.5,1.0,1.0,1.0
578,40,50,125,60,"['Overcoat', 'Magic Guard', 'Regenerator']",2.0,2.0,1.0,1.0,1.0,0.5,1.0,1.0,2.0,1.0,1.0,1.0,1.0,1.0,0.5,1.0,1.0,1.0
579,65,75,125,85,"['Overcoat', 'Magic Guard', 'Regenerator']",2.0,2.0,1.0,1.0,1.0,0.5,1.0,1.0,2.0,1.0,1.0,1.0,1.0,1.0,0.5,1.0,1.0,1.0
580,44,50,44,50,"['Keen Eye', 'Big Pecks', 'Hydration']",0.5,1.0,1.0,4.0,1.0,0.5,0.5,1.0,1.0,1.0,0.0,1.0,1.0,1.0,1.0,2.0,0.5,0.5
581,87,63,87,63,"['Keen Eye', 'Big Pecks', 'Hydration']",0.5,1.0,1.0,4.0,1.0,0.5,0.5,1.0,1.0,1.0,0.0,1.0,1.0,1.0,1.0,2.0,0.5,0.5
582,50,50,65,60,"['Ice Body', 'Snow Cloak', 'Weak Armor']",1.0,1.0,1.0,1.0,1.0,2.0,2.0,1.0,1.0,1.0,1.0,0.5,1.0,1.0,1.0,2.0,2.0,1.0
583,65,65,80,75,"['Ice Body', 'Snow Cloak', 'Weak Armor']",1.0,1.0,1.0,1.0,1.0,2.0,2.0,1.0,1.0,1.0,1.0,0.5,1.0,1.0,1.0,2.0,2.0,1.0
584,95,85,110,95,"['Ice Body', 'Snow Warning', 'Weak Armor']",1.0,1.0,1.0,1.0,1.0,2.0,2.0,1.0,1.0,1.0,1.0,0.5,1.0,1.0,1.0,2.0,2.0,1.0
585,60,50,40,50,"['Chlorophyll', 'Sap Sipper', 'Serene Grace']",2.0,1.0,1.0,0.5,1.0,2.0,2.0,2.0,0.0,0.5,0.5,2.0,1.0,2.0,1.0,1.0,1.0,0.5
586,100,70,60,70,"['Chlorophyll', 'Sap Sipper', 'Serene Grace']",2.0,1.0,1.0,0.5,1.0,2.0,2.0,2.0,0.0,0.5,0.5,2.0,1.0,2.0,1.0,1.0,1.0,0.5
587,75,60,75,60,"['Static', 'Motor Drive']",0.5,1.0,1.0,1.0,1.0,0.5,1.0,0.5,1.0,0.5,0.0,2.0,1.0,1.0,1.0,2.0,0.5,1.0
588,75,45,40,45,"['Swarm', 'Shed Skin', 'No Guard']",1.0,1.0,1.0,1.0,1.0,0.5,2.0,2.0,1.0,0.5,0.5,1.0,1.0,1.0,1.0,2.0,1.0,1.0
589,135,105,60,105,"['Swarm', 'Shell Armor', 'Overcoat']",0.5,1.0,0.5,1.0,0.5,1.0,4.0,1.0,1.0,0.25,1.0,0.5,0.5,0.0,0.5,1.0,0.5,1.0
590,55,45,55,55,"['Effect Spore', 'Regenerator']",1.0,1.0,1.0,0.5,0.5,0.5,2.0,2.0,1.0,0.25,1.0,2.0,1.0,1.0,2.0,1.0,1.0,0.5
591,85,70,85,80,"['Effect Spore', 'Regenerator']",1.0,1.0,1.0,0.5,0.5,0.5,2.0,2.0,1.0,0.25,1.0,2.0,1.0,1.0,2.0,1.0,1.0,0.5
592,40,50,65,85,"['Water Absorb', 'Cursed Body', 'Damp']",0.5,2.0,1.0,2.0,1.0,0.0,0.5,1.0,2.0,2.0,1.0,0.5,0.0,0.5,1.0,1.0,0.5,0.5
593,60,70,85,105,"['Water Absorb', 'Cursed Body', 'Damp']",0.5,2.0,1.0,2.0,1.0,0.0,0.5,1.0,2.0,2.0,1.0,0.5,0.0,0.5,1.0,1.0,0.5,0.5
594,75,80,40,45,"['Healer', 'Hydration', 'Regenerator']",1.0,1.0,1.0,2.0,1.0,1.0,0.5,1.0,1.0,2.0,1.0,0.5,1.0,1.0,1.0,1.0,0.5,0.5
595,47,50,57,50,"['Compoundeyes', 'Unnerve', 'Swarm']",1.0,1.0,1.0,0.5,1.0,0.5,2.0,1.0,1.0,0.5,1.0,1.0,1.0,1.0,1.0,2.0,0.5,1.0
596,77,60,97,60,"['Compoundeyes', 'Unnerve', 'Swarm']",1.0,1.0,1.0,0.5,1.0,0.5,2.0,1.0,1.0,0.5,1.0,1.0,1.0,1.0,1.0,2.0,0.5,1.0
597,50,91,24,86,['Iron Barbs'],1.0,1.0,0.5,0.5,0.5,2.0,4.0,1.0,1.0,0.25,1.0,1.0,0.5,0.0,0.5,0.5,0.5,0.5
598,94,131,54,116,"['Iron Barbs', 'Anticipation']",1.0,1.0,0.5,0.5,0.5,2.0,4.0,1.0,1.0,0.25,1.0,1.0,0.5,0.0,0.5,0.5,0.5,0.5
599,55,70,45,60,"['Plus', 'Minus', 'Clear Body']",0.5,1.0,0.5,1.0,0.5,2.0,2.0,0.5,1.0,0.5,2.0,0.5,0.5,0.0,0.5,0.5,0.5,1.0
600,80,95,70,85,"['Plus', 'Minus', 'Clear Body']",0.5,1.0,0.5,1.0,0.5,2.0,2.0,0.5,1.0,0.5,2.0,0.5,0.5,0.0,0.5,0.5,0.5,1.0
601,100,115,70,85,"['Plus', 'Minus', 'Clear Body']",0.5,1.0,0.5,1.0,0.5,2.0,2.0,0.5,1.0,0.5,2.0,0.5,0.5,0.0,0.5,0.5,0.5,1.0
602,55,40,45,40,['Levitate'],1.0,1.0,1.0,0.5,1.0,1.0,1.0,0.5,1.0,1.0,2.0,1.0,1.0,1.0,1.0,1.0,0.5,1.0
603,85,70,75,70,['Levitate'],1.0,1.0,1.0,0.5,1.0,1.0,1.0,0.5,1.0,1.0,2.0,1.0,1.0,1.0,1.0,1.0,0.5,1.0
604,115,80,105,80,['Levitate'],1.0,1.0,1.0,0.5,1.0,1.0,1.0,0.5,1.0,1.0,2.0,1.0,1.0,1.0,1.0,1.0,0.5,1.0
605,55,55,85,55,"['Telepathy', 'Synchronize', 'Analytic']",2.0,2.0,1.0,1.0,1.0,0.5,1.0,1.0,2.0,1.0,1.0,1.0,1.0,1.0,0.5,1.0,1.0,1.0
606,75,75,125,95,"['Telepathy', 'Synchronize', 'Analytic']",2.0,2.0,1.0,1.0,1.0,0.5,1.0,1.0,2.0,1.0,1.0,1.0,1.0,1.0,0.5,1.0,1.0,1.0
607,30,55,65,55,"['Flash Fire', 'Flame Body', 'Infiltrator']",0.25,2.0,1.0,1.0,0.5,0.0,0.5,1.0,2.0,0.5,2.0,0.5,0.0,0.5,1.0,2.0,0.5,2.0
608,40,60,95,60,"['Flash Fire', 'Flame Body', 'Infiltrator']",0.25,2.0,1.0,1.0,0.5,0.0,0.5,1.0,2.0,0.5,2.0,0.5,0.0,0.5,1.0,2.0,0.5,2.0
609,55,90,145,90,"['Flash Fire', 'Flame Body', 'Infiltrator']",0.25,2.0,1.0,1.0,0.5,0.0,0.5,1.0,2.0,0.5,2.0,0.5,0.0,0.5,1.0,2.0,0.5,2.0
610,87,60,30,40,"['Rivalry', 'Mold Breaker', 'Unnerve']",1.0,1.0,2.0,0.5,2.0,1.0,0.5,1.0,1.0,0.5,1.0,2.0,1.0,1.0,1.0,1.0,1.0,0.5
611,117,70,40,50,"['Rivalry', 'Mold Breaker', 'Unnerve']",1.0,1.0,2.0,0.5,2.0,1.0,0.5,1.0,1.0,0.5,1.0,2.0,1.0,1.0,1.0,1.0,1.0,0.5
612,147,90,60,70,"['Rivalry', 'Mold Breaker', 'Unnerve']",1.0,1.0,2.0,0.5,2.0,1.0,0.5,1.0,1.0,0.5,1.0,2.0,1.0,1.0,1.0,1.0,1.0,0.5
613,70,40,60,40,"['Snow Cloak', 'Slush Rush', 'Rattled']",1.0,1.0,1.0,1.0,1.0,2.0,2.0,1.0,1.0,1.0,1.0,0.5,1.0,1.0,1.0,2.0,2.0,1.0
614,130,80,70,80,"['Snow Cloak', 'Slush Rush', 'Swift Swim']",1.0,1.0,1.0,1.0,1.0,2.0,2.0,1.0,1.0,1.0,1.0,0.5,1.0,1.0,1.0,2.0,2.0,1.0
615,50,50,95,135,['Levitate'],1.0,1.0,1.0,1.0,1.0,2.0,2.0,1.0,1.0,1.0,1.0,0.5,1.0,1.0,1.0,2.0,2.0,1.0
616,40,85,40,65,"['Hydration', 'Shell Armor', 'Overcoat']",1.0,1.0,1.0,1.0,1.0,0.5,2.0,2.0,1.0,0.5,0.5,1.0,1.0,1.0,1.0,2.0,1.0,1.0
617,70,40,100,60,"['Hydration', 'Sticky Hold', 'Unburden']",1.0,1.0,1.0,1.0,1.0,0.5,2.0,2.0,1.0,0.5,0.5,1.0,1.0,1.0,1.0,2.0,1.0,1.0
618,66,84,81,99,"['Static', 'Limber', 'Sand Veil']",1.0,1.0,1.0,0.0,1.0,1.0,1.0,0.5,1.0,2.0,2.0,2.0,1.0,0.5,1.0,0.5,0.5,2.0
619,85,50,55,50,"['Inner Focus', 'Regenerator', 'Reckless']",0.5,0.5,1.0,1.0,2.0,1.0,1.0,2.0,1.0,1.0,1.0,1.0,1.0,1.0,2.0,0.5,1.0,1.0
620,125,60,95,60,"['Inner Focus', 'Regenerator', 'Reckless']",0.5,0.5,1.0,1.0,2.0,1.0,1.0,2.0,1.0,1.0,1.0,1.0,1.0,1.0,2.0,0.5,1.0,1.0
621,120,90,60,90,"['Rough Skin', 'Sheer Force', 'Mold Breaker']",1.0,1.0,2.0,0.5,2.0,1.0,0.5,1.0,1.0,0.5,1.0,2.0,1.0,1.0,1.0,1.0,1.0,0.5
622,74,50,35,50,"['Iron Fist', 'Klutz', 'No Guard']",0.5,2.0,1.0,0.0,1.0,0.0,1.0,1.0,2.0,2.0,1.0,2.0,0.0,0.25,1.0,0.5,1.0,2.0
623,124,80,55,80,"['Iron Fist', 'Klutz', 'No Guard']",0.5,2.0,1.0,0.0,1.0,0.0,1.0,1.0,2.0,2.0,1.0,2.0,0.0,0.25,1.0,0.5,1.0,2.0
624,85,70,40,40,"['Defiant', 'Inner Focus', 'Pressure']",1.0,0.5,0.5,1.0,1.0,4.0,2.0,0.5,0.5,0.5,2.0,0.5,0.5,0.0,0.0,0.5,0.5,1.0
625,125,100,60,70,"['Defiant', 'Inner Focus', 'Pressure']",1.0,0.5,0.5,1.0,1.0,4.0,2.0,0.5,0.5,0.5,2.0,0.5,0.5,0.0,0.0,0.5,0.5,1.0
626,110,95,40,95,"['Reckless', 'Sap Sipper', 'Soundproof']",1.0,1.0,1.0,1.0,1.0,2.0,1.0,1.0,0.0,1.0,1.0,1.0,1.0,1.0,1.0,1.0,1.0,1.0
627,83,50,37,50,"['Keen Eye', 'Sheer Force', 'Hustle']",0.5,1.0,1.0,2.0,1.0,1.0,1.0,1.0,0.0,0.5,0.0,2.0,1.0,1.0,1.0,2.0,1.0,1.0
628,123,75,57,75,"['Keen Eye', 'Sheer Force', 'Defiant']",0.5,1.0,1.0,2.0,1.0,1.0,1.0,1.0,0.0,0.5,0.0,2.0,1.0,1.0,1.0,2.0,1.0,1.0
629,55,75,45,65,"['Big Pecks', 'Overcoat', 'Weak Armor']",1.0,0.5,1.0,2.0,2.0,1.0,1.0,1.0,0.5,0.5,0.0,2.0,1.0,1.0,0.0,2.0,1.0,1.0
630,65,105,55,95,"['Big Pecks', 'Overcoat', 'Weak Armor']",1.0,0.5,1.0,2.0,2.0,1.0,1.0,1.0,0.5,0.5,0.0,2.0,1.0,1.0,0.0,2.0,1.0,1.0
631,97,66,105,66,"['Gluttony', 'Flash Fire', 'White Smoke']",0.5,1.0,1.0,1.0,0.5,1.0,0.5,1.0,1.0,0.5,2.0,0.5,1.0,1.0,1.0,2.0,0.5,2.0
632,109,112,48,48,"['Swarm', 'Hustle', 'Truant']",0.5,1.0,0.5,1.0,0.5,1.0,4.0,1.0,1.0,0.25,1.0,0.5,0.5,0.0,0.5,1.0,0.5,1.0
633,65,50,45,50,['Hustle'],2.0,0.5,2.0,0.5,4.0,2.0,0.5,1.0,0.5,0.5,1.0,2.0,1.0,1.0,0.0,1.0,1.0,0.5
634,85,70,65,70,['Hustle'],2.0,0.5,2.0,0.5,4.0,2.0,0.5,1.0,0.5,0.5,1.0,2.0,1.0,1.0,0.0,1.0,1.0,0.5
635,105,90,125,90,['Levitate'],2.0,0.5,2.0,0.5,4.0,2.0,0.5,1.0,0.5,0.5,1.0,2.0,1.0,1.0,0.0,1.0,1.0,0.5
636,85,55,50,55,"['Flame Body', 'Swarm']",0.5,1.0,1.0,1.0,0.5,0.5,1.0,2.0,1.0,0.25,1.0,0.5,1.0,1.0,1.0,4.0,0.5,2.0
637,60,65,135,105,"['Flame Body', 'Swarm']",0.5,1.0,1.0,1.0,0.5,0.5,1.0,2.0,1.0,0.25,1.0,0.5,1.0,1.0,1.0,4.0,0.5,2.0
638,90,129,90,72,['Justified'],0.25,0.5,0.5,1.0,1.0,2.0,2.0,1.0,1.0,0.5,2.0,0.5,0.5,0.0,1.0,0.25,0.5,1.0
639,129,90,72,90,['Justified'],0.5,0.5,1.0,1.0,2.0,2.0,0.5,1.0,1.0,2.0,2.0,1.0,0.5,0.5,2.0,0.5,2.0,2.0
640,90,72,90,129,['Justified'],1.0,0.5,1.0,0.5,2.0,1.0,2.0,4.0,1.0,0.5,0.5,2.0,1.0,2.0,2.0,0.5,1.0,0.5
641,100,80,110,90,"['Prankster', 'Defiant', 'Regenerator']",0.5,1.0,1.0,2.0,1.0,0.5,1.0,1.0,1.0,0.5,0.0,2.0,1.0,1.0,1.0,2.0,1.0,1.0
642,105,70,145,80,"['Prankster', 'Defiant', 'Volt Absorb']",0.5,1.0,1.0,1.0,1.0,0.5,1.0,0.5,1.0,0.5,0.0,2.0,1.0,1.0,1.0,2.0,0.5,1.0
643,120,100,150,120,['Turboblaze'],0.5,1.0,2.0,0.5,1.0,1.0,0.25,1.0,1.0,0.25,2.0,1.0,1.0,1.0,1.0,2.0,0.5,1.0
644,150,120,120,100,['Teravolt'],1.0,1.0,2.0,0.25,2.0,1.0,0.5,0.5,1.0,0.5,2.0,2.0,1.0,1.0,1.0,1.0,0.5,0.5
645,145,90,105,80,"['Sand Force', 'Sheer Force', 'Intimidate']",0.5,1.0,1.0,0.0,1.0,0.5,1.0,1.0,1.0,1.0,0.0,4.0,1.0,0.5,1.0,1.0,1.0,2.0
646,120,90,170,100,"['Pressure', 'Teravolt', 'Turboblaze']",1.0,1.0,2.0,0.5,2.0,2.0,1.0,1.0,1.0,0.5,1.0,1.0,1.0,1.0,1.0,2.0,2.0,0.5
647,72,90,129,90,['Justified'],0.5,0.5,1.0,2.0,2.0,1.0,0.5,2.0,1.0,2.0,1.0,0.5,1.0,1.0,2.0,0.5,0.5,0.5
648,128,90,77,77,['Serene Grace'],2.0,2.0,1.0,1.0,1.0,1.0,1.0,1.0,0.0,1.0,1.0,1.0,1.0,1.0,0.5,1.0,1.0,1.0
649,120,95,120,95,['Download'],0.5,1.0,0.5,1.0,0.5,1.0,4.0,1.0,1.0,0.25,1.0,0.5,0.5,0.0,0.5,1.0,0.5,1.0
650,61,65,48,45,"['Overgrow', 'Bulletproof']",2.0,1.0,1.0,0.5,1.0,1.0,2.0,2.0,1.0,0.5,0.5,2.0,1.0,2.0,1.0,1.0,1.0,0.5
651,78,95,56,58,"['Overgrow', 'Bulletproof']",2.0,1.0,1.0,0.5,1.0,1.0,2.0,2.0,1.0,0.5,0.5,2.0,1.0,2.0,1.0,1.0,1.0,0.5
652,107,122,74,75,"['Overgrow', 'Bulletproof']",1.0,0.5,1.0,0.5,2.0,1.0,2.0,4.0,1.0,0.5,0.5,2.0,1.0,2.0,2.0,0.5,1.0,0.5
653,45,40,62,60,"['Blaze', 'Magician']",0.5,1.0,1.0,1.0,0.5,1.0,0.5,1.0,1.0,0.5,2.0,0.5,1.0,1.0,1.0,2.0,0.5,2.0
654,59,58,90,70,"['Blaze', 'Magician']",0.5,1.0,1.0,1.0,0.5,1.0,0.5,1.0,1.0,0.5,2.0,0.5,1.0,1.0,1.0,2.0,0.5,2.0
655,69,72,114,100,"['Blaze', 'Magician']",1.0,2.0,1.0,1.0,0.5,0.5,0.5,1.0,2.0,0.5,2.0,0.5,1.0,1.0,0.5,2.0,0.5,2.0
656,56,40,62,44,"['Torrent', 'Protean']",1.0,1.0,1.0,2.0,1.0,1.0,0.5,1.0,1.0,2.0,1.0,0.5,1.0,1.0,1.0,1.0,0.5,0.5
657,63,52,83,56,"['Torrent', 'Protean']",1.0,1.0,1.0,2.0,1.0,1.0,0.5,1.0,1.0,2.0,1.0,0.5,1.0,1.0,1.0,1.0,0.5,0.5
658,145,67,153,71,"['Torrent', 'Protean', 'Battle Bond']",2.0,0.5,1.0,2.0,2.0,2.0,0.5,1.0,0.5,2.0,1.0,0.5,1.0,1.0,0.0,1.0,0.5,0.5
659,36,38,32,36,"['Pickup', 'Cheek Pouch', 'Huge Power']",1.0,1.0,1.0,1.0,1.0,2.0,1.0,1.0,0.0,1.0,1.0,1.0,1.0,1.0,1.0,1.0,1.0,1.0
660,56,77,50,77,"['Pickup', 'Cheek Pouch', 'Huge Power']",1.0,1.0,1.0,0.0,1.0,2.0,1.0,1.0,0.0,2.0,1.0,2.0,1.0,0.5,1.0,0.5,1.0,2.0
661,50,43,40,38,"['Big Pecks', 'Gale Wings']",0.5,1.0,1.0,2.0,1.0,1.0,1.0,1.0,0.0,0.5,0.0,2.0,1.0,1.0,1.0,2.0,1.0,1.0
662,73,55,56,52,"['Flame Body', 'Gale Wings']",0.25,1.0,1.0,2.0,0.5,0.5,0.5,1.0,1.0,0.25,0.0,1.0,1.0,1.0,1.0,4.0,0.5,2.0
663,81,71,74,69,"['Flame Body', 'Gale Wings']",0.25,1.0,1.0,2.0,0.5,0.5,0.5,1.0,1.0,0.25,0.0,1.0,1.0,1.0,1.0,4.0,0.5,2.0
664,35,40,27,25,"['Shield Dust', 'Compoundeyes', 'Friend Guard']",1.0,1.0,1.0,1.0,1.0,0.5,2.0,2.0,1.0,0.5,0.5,1.0,1.0,1.0,1.0,2.0,1.0,1.0
665,22,60,27,30,"['Shed Skin', 'Friend Guard']",1.0,1.0,1.0,1.0,1.0,0.5,2.0,2.0,1.0,0.5,0.5,1.0,1.0,1.0,1.0,2.0,1.0,1.0
666,52,50,90,50,"['Shield Dust', 'Compoundeyes', 'Friend Guard']",0.5,1.0,1.0,2.0,1.0,0.25,2.0,2.0,1.0,0.25,0.0,2.0,1.0,1.0,1.0,4.0,1.0,1.0
667,50,58,73,54,"['Rivalry', 'Unnerve', 'Moxie']",0.5,1.0,1.0,1.0,0.5,2.0,0.5,1.0,0.0,0.5,2.0,0.5,1.0,1.0,1.0,2.0,0.5,2.0
668,68,72,109,66,"['Rivalry', 'Unnerve', 'Moxie']",0.5,1.0,1.0,1.0,0.5,2.0,0.5,1.0,0.0,0.5,2.0,0.5,1.0,1.0,1.0,2.0,0.5,2.0
669,38,39,61,79,"['Flower Veil', 'Symbiosis']",0.5,0.5,0.0,1.0,1.0,0.5,1.0,1.0,1.0,1.0,1.0,1.0,1.0,2.0,1.0,1.0,2.0,1.0
670,65,67,125,128,"['Flower Veil', 'Symbiosis']",0.5,0.5,0.0,1.0,1.0,0.5,1.0,1.0,1.0,1.0,1.0,1.0,1.0,2.0,1.0,1.0,2.0,1.0
671,65,68,112,154,"['Flower Veil', 'Symbiosis']",0.5,0.5,0.0,1.0,1.0,0.5,1.0,1.0,1.0,1.0,1.0,1.0,1.0,2.0,1.0,1.0,2.0,1.0
672,65,48,62,57,"['Sap Sipper', 'Grass Pelt']",2.0,1.0,1.0,0.5,1.0,1.0,2.0,2.0,1.0,0.5,0.5,2.0,1.0,2.0,1.0,1.0,1.0,0.5
673,100,62,97,81,"['Sap Sipper', 'Grass Pelt']",2.0,1.0,1.0,0.5,1.0,1.0,2.0,2.0,1.0,0.5,0.5,2.0,1.0,2.0,1.0,1.0,1.0,0.5
674,82,62,46,48,"['Iron Fist', 'Mold Breaker', 'Scrappy']",0.5,0.5,1.0,1.0,2.0,1.0,1.0,2.0,1.0,1.0,1.0,1.0,1.0,1.0,2.0,0.5,1.0,1.0
675,124,78,69,71,"['Iron Fist', 'Mold Breaker', 'Scrappy']",1.0,0.25,1.0,1.0,4.0,2.0,1.0,2.0,0.5,1.0,1.0,1.0,1.0,1.0,0.0,0.5,1.0,1.0
676,80,60,65,90,['Fur Coat'],1.0,1.0,1.0,1.0,1.0,2.0,1.0,1.0,0.0,1.0,1.0,1.0,1.0,1.0,1.0,1.0,1.0,1.0
677,48,54,63,60,"['Keen Eye', 'Infiltrator', 'Own Tempo']",2.0,2.0,1.0,1.0,1.0,0.5,1.0,1.0,2.0,1.0,1.0,1.0,1.0,1.0,0.5,1.0,1.0,1.0
678,48,76,83,81,"['Keen Eye', 'Infiltrator', 'Prankster', 'Competitive']",2.0,2.0,1.0,1.0,1.0,0.5,1.0,1.0,2.0,1.0,1.0,1.0,1.0,1.0,0.5,1.0,1.0,1.0
679,80,100,35,37,['No Guard'],0.25,2.0,0.5,1.0,0.5,0.0,2.0,0.5,2.0,0.5,2.0,0.5,0.0,0.0,0.5,0.5,0.5,1.0
680,110,150,45,49,['No Guard'],0.25,2.0,0.5,1.0,0.5,0.0,2.0,0.5,2.0,0.5,2.0,0.5,0.0,0.0,0.5,0.5,0.5,1.0
681,150,50,150,50,['Stance Change'],0.25,2.0,0.5,1.0,0.5,0.0,2.0,0.5,2.0,0.5,2.0,0.5,0.0,0.0,0.5,0.5,0.5,1.0
682,52,60,63,65,"['Healer', 'Aroma Veil']",0.5,0.5,0.0,1.0,1.0,0.5,1.0,1.0,1.0,1.0,1.0,1.0,1.0,2.0,1.0,1.0,2.0,1.0
683,72,72,99,89,"['Healer', 'Aroma Veil']",0.5,0.5,0.0,1.0,1.0,0.5,1.0,1.0,1.0,1.0,1.0,1.0,1.0,2.0,1.0,1.0,2.0,1.0
684,48,66,59,57,"['Sweet Veil', 'Unburden']",0.5,0.5,0.0,1.0,1.0,0.5,1.0,1.0,1.0,1.0,1.0,1.0,1.0,2.0,1.0,1.0,2.0,1.0
685,80,86,85,75,"['Sweet Veil', 'Unburden']",0.5,0.5,0.0,1.0,1.0,0.5,1.0,1.0,1.0,1.0,1.0,1.0,1.0,2.0,1.0,1.0,2.0,1.0
686,54,53,37,46,"['Contrary', 'Suction Cups', 'Infiltrator']",4.0,1.0,1.0,1.0,2.0,1.0,1.0,1.0,1.0,1.0,1.0,1.0,1.0,1.0,0.0,1.0,1.0,1.0
687,92,88,68,75,"['Contrary', 'Suction Cups', 'Infiltrator']",4.0,1.0,1.0,1.0,2.0,1.0,1.0,1.0,1.0,1.0,1.0,1.0,1.0,1.0,0.0,1.0,1.0,1.0
688,52,67,39,56,"['Tough Claws', 'Sniper', 'Pickpocket']",1.0,1.0,1.0,2.0,1.0,2.0,0.25,0.5,1.0,4.0,2.0,0.5,0.5,0.5,1.0,1.0,1.0,1.0
689,105,115,54,86,"['Tough Claws', 'Sniper', 'Pickpocket']",1.0,1.0,1.0,2.0,1.0,2.0,0.25,0.5,1.0,4.0,2.0,0.5,0.5,0.5,1.0,1.0,1.0,1.0
690,60,60,60,60,"['Poison Point', 'Poison Touch', 'Adaptability']",0.5,1.0,1.0,2.0,0.5,0.5,0.5,1.0,1.0,1.0,2.0,0.5,1.0,0.5,2.0,1.0,0.5,0.5
691,75,90,97,123,"['Poison Point', 'Poison Touch', 'Adaptability']",0.5,1.0,2.0,0.5,1.0,0.5,0.5,1.0,1.0,0.25,2.0,2.0,1.0,0.5,2.0,1.0,1.0,0.5
692,53,62,58,63,['Mega Launcher'],1.0,1.0,1.0,2.0,1.0,1.0,0.5,1.0,1.0,2.0,1.0,0.5,1.0,1.0,1.0,1.0,0.5,0.5
693,73,88,120,89,['Mega Launcher'],1.0,1.0,1.0,2.0,1.0,1.0,0.5,1.0,1.0,2.0,1.0,0.5,1.0,1.0,1.0,1.0,0.5,0.5
694,38,33,61,43,"['Dry Skin', 'Sand Veil', 'Solar Power']",1.0,1.0,1.0,0.5,1.0,2.0,1.0,0.5,0.0,1.0,2.0,1.0,1.0,1.0,1.0,1.0,0.5,1.0
695,55,52,109,94,"['Dry Skin', 'Sand Veil', 'Solar Power']",1.0,1.0,1.0,0.5,1.0,2.0,1.0,0.5,0.0,1.0,2.0,1.0,1.0,1.0,1.0,1.0,0.5,1.0
696,89,77,45,45,"['Strong Jaw', 'Sturdy']",1.0,1.0,2.0,0.5,2.0,2.0,0.25,0.5,1.0,1.0,2.0,2.0,0.5,0.5,1.0,1.0,2.0,1.0
697,121,119,69,59,"['Strong Jaw', 'Rock Head']",1.0,1.0,2.0,0.5,2.0,2.0,0.25,0.5,1.0,1.0,2.0,2.0,0.5,0.5,1.0,1.0,2.0,1.0
698,59,50,67,63,"['Refrigerate', 'Snow Warning']",1.0,1.0,1.0,1.0,1.0,4.0,1.0,0.5,1.0,2.0,2.0,0.5,0.5,0.5,1.0,2.0,4.0,2.0
699,77,72,99,92,"['Refrigerate', 'Snow Warning']",1.0,1.0,1.0,1.0,1.0,4.0,1.0,0.5,1.0,2.0,2.0,0.5,0.5,0.5,1.0,2.0,4.0,2.0
700,65,65,110,130,"['Cute Charm', 'Pixilate']",0.5,0.5,0.0,1.0,1.0,0.5,1.0,1.0,1.0,1.0,1.0,1.0,1.0,2.0,1.0,1.0,2.0,1.0
701,92,75,74,63,"['Limber', 'Unburden', 'Mold Breaker']",0.25,0.5,1.0,2.0,2.0,0.5,1.0,2.0,1.0,0.5,0.0,2.0,1.0,1.0,2.0,1.0,1.0,1.0
702,58,57,81,67,"['Cheek Pouch', 'Pickup', 'Plus']",0.5,0.5,0.0,0.5,1.0,0.5,1.0,0.5,1.0,1.0,2.0,1.0,1.0,2.0,1.0,1.0,1.0,1.0
703,50,150,50,150,"['Clear Body', 'Sturdy']",0.5,0.5,0.0,1.0,1.0,1.0,0.5,0.5,1.0,2.0,2.0,1.0,0.5,1.0,1.0,1.0,4.0,2.0
704,50,35,55,75,"['Sap Sipper', 'Hydration', 'Gooey']",1.0,1.0,2.0,0.5,2.0,1.0,0.5,1.0,1.0,0.5,1.0,2.0,1.0,1.0,1.0,1.0,1.0,0.5
705,75,53,83,113,"['Sap Sipper', 'Hydration', 'Gooey']",1.0,1.0,2.0,0.5,2.0,1.0,0.5,1.0,1.0,0.5,1.0,2.0,1.0,1.0,1.0,1.0,1.0,0.5
706,100,70,110,150,"['Sap Sipper', 'Hydration', 'Gooey']",1.0,1.0,2.0,0.5,2.0,1.0,0.5,1.0,1.0,0.5,1.0,2.0,1.0,1.0,1.0,1.0,1.0,0.5
707,80,91,80,87,"['Prankster', 'Magician']",0.25,0.5,0.0,1.0,0.5,1.0,2.0,0.5,1.0,0.5,2.0,0.5,0.5,0.0,0.5,0.5,1.0,1.0
708,70,48,50,60,"['Natural Cure', 'Frisk', 'Harvest']",1.0,2.0,1.0,0.5,1.0,0.0,2.0,2.0,2.0,0.5,0.5,2.0,0.0,1.0,1.0,1.0,1.0,0.5
709,110,76,65,82,"['Natural Cure', 'Frisk', 'Harvest']",1.0,2.0,1.0,0.5,1.0,0.0,2.0,2.0,2.0,0.5,0.5,2.0,0.0,1.0,1.0,1.0,1.0,0.5
710,66,70,44,55,"['Pickup', 'Frisk', 'Insomnia']",1.0,2.0,1.0,0.5,1.0,0.0,2.0,2.0,2.0,0.5,0.5,2.0,0.0,1.0,1.0,1.0,1.0,0.5
711,100,122,58,75,"['Pickup', 'Frisk', 'Insomnia']",1.0,2.0,1.0,0.5,1.0,0.0,2.0,2.0,2.0,0.5,0.5,2.0,0.0,1.0,1.0,1.0,1.0,0.5
712,69,85,32,35,"['Own Tempo', 'Ice Body', 'Sturdy']",1.0,1.0,1.0,1.0,1.0,2.0,2.0,1.0,1.0,1.0,1.0,0.5,1.0,1.0,1.0,2.0,2.0,1.0
713,117,184,44,46,"['Own Tempo', 'Ice Body', 'Sturdy']",1.0,1.0,1.0,1.0,1.0,2.0,2.0,1.0,1.0,1.0,1.0,0.5,1.0,1.0,1.0,2.0,2.0,1.0
714,30,35,45,40,"['Frisk', 'Infiltrator', 'Telepathy']",0.5,1.0,2.0,1.0,2.0,0.5,0.5,1.0,1.0,0.25,0.0,4.0,1.0,1.0,1.0,2.0,1.0,0.5
715,70,80,97,80,"['Frisk', 'Infiltrator', 'Telepathy']",0.5,1.0,2.0,1.0,2.0,0.5,0.5,1.0,1.0,0.25,0.0,4.0,1.0,1.0,1.0,2.0,1.0,0.5
716,131,95,131,98,['Fairy Aura'],0.5,0.5,0.0,1.0,1.0,0.5,1.0,1.0,1.0,1.0,1.0,1.0,1.0,2.0,1.0,1.0,2.0,1.0
717,131,95,131,98,['Dark Aura'],1.0,0.5,1.0,2.0,2.0,1.0,1.0,1.0,0.5,0.5,0.0,2.0,1.0,1.0,0.0,2.0,1.0,1.0
718,100,121,91,95,"['Aura Break', 'Power Construct']",1.0,1.0,2.0,0.0,2.0,1.0,0.5,1.0,1.0,1.0,1.0,4.0,1.0,0.5,1.0,0.5,1.0,1.0
719,160,110,160,110,['Clear Body'],0.5,0.5,0.0,1.0,1.0,1.0,0.5,0.5,1.0,2.0,2.0,1.0,0.5,1.0,1.0,1.0,4.0,2.0
720,160,60,170,130,['Magician'],1.0,4.0,1.0,1.0,1.0,0.0,1.0,1.0,4.0,1.0,1.0,1.0,0.0,0.5,0.5,1.0,1.0,1.0
721,110,120,130,90,['Water Absorb'],0.5,1.0,1.0,2.0,0.5,1.0,0.25,1.0,1.0,1.0,2.0,0.25,1.0,1.0,1.0,2.0,0.25,1.0
722,55,55,50,50,"['Overgrow', 'Long Reach']",1.0,1.0,1.0,1.0,1.0,0.5,2.0,2.0,1.0,0.25,0.0,4.0,1.0,2.0,1.0,2.0,1.0,0.5
723,75,75,70,70,"['Overgrow', 'Long Reach']",1.0,1.0,1.0,1.0,1.0,0.5,2.0,2.0,1.0,0.25,0.0,4.0,1.0,2.0,1.0,2.0,1.0,0.5
724,107,75,100,100,"['Overgrow', 'Long Reach']",1.0,2.0,1.0,0.5,1.0,0.0,2.0,2.0,2.0,0.5,0.5,2.0,0.0,1.0,1.0,1.0,1.0,0.5
725,65,40,60,40,"['Blaze', 'Intimidate']",0.5,1.0,1.0,1.0,0.5,1.0,0.5,1.0,1.0,0.5,2.0,0.5,1.0,1.0,1.0,2.0,0.5,2.0
726,85,50,80,50,"['Blaze', 'Intimidate']",0.5,1.0,1.0,1.0,0.5,1.0,0.5,1.0,1.0,0.5,2.0,0.5,1.0,1.0,1.0,2.0,0.5,2.0
727,115,90,80,90,"['Blaze', 'Intimidate']",1.0,0.5,1.0,1.0,1.0,2.0,0.5,1.0,0.5,0.5,2.0,0.5,1.0,1.0,0.0,2.0,0.5,2.0
728,54,54,66,56,"['Torrent', 'Liquid Voice']",1.0,1.0,1.0,2.0,1.0,1.0,0.5,1.0,1.0,2.0,1.0,0.5,1.0,1.0,1.0,1.0,0.5,0.5
729,69,69,91,81,"['Torrent', 'Liquid Voice']",1.0,1.0,1.0,2.0,1.0,1.0,0.5,1.0,1.0,2.0,1.0,0.5,1.0,1.0,1.0,1.0,0.5,0.5
730,74,74,126,116,"['Torrent', 'Liquid Voice']",0.5,0.5,0.0,2.0,1.0,0.5,0.5,1.0,1.0,2.0,1.0,0.5,1.0,2.0,1.0,1.0,1.0,0.5
731,75,30,30,30,"['Keen Eye', 'Skill Link', 'Pickup']",0.5,1.0,1.0,2.0,1.0,1.0,1.0,1.0,0.0,0.5,0.0,2.0,1.0,1.0,1.0,2.0,1.0,1.0
732,85,50,40,50,"['Keen Eye', 'Skill Link', 'Pickup']",0.5,1.0,1.0,2.0,1.0,1.0,1.0,1.0,0.0,0.5,0.0,2.0,1.0,1.0,1.0,2.0,1.0,1.0
733,120,75,75,75,"['Keen Eye', 'Skill Link', 'Sheer Force']",0.5,1.0,1.0,2.0,1.0,1.0,1.0,1.0,0.0,0.5,0.0,2.0,1.0,1.0,1.0,2.0,1.0,1.0
734,70,30,30,30,"['Stakeout', 'Strong Jaw', 'Adaptability']",1.0,1.0,1.0,1.0,1.0,2.0,1.0,1.0,0.0,1.0,1.0,1.0,1.0,1.0,1.0,1.0,1.0,1.0
735,110,60,55,60,"['Stakeout', 'Strong Jaw', 'Adaptability']",1.0,1.0,1.0,1.0,1.0,2.0,1.0,1.0,0.0,1.0,1.0,1.0,1.0,1.0,1.0,1.0,1.0,1.0
736,62,45,55,45,['Swarm'],1.0,1.0,1.0,1.0,1.0,0.5,2.0,2.0,1.0,0.5,0.5,1.0,1.0,1.0,1.0,2.0,1.0,1.0
737,82,95,55,75,['Battery'],1.0,1.0,1.0,0.5,1.0,0.5,2.0,1.0,1.0,0.5,1.0,1.0,1.0,1.0,1.0,2.0,0.5,1.0
738,70,90,145,75,['Levitate'],1.0,1.0,1.0,0.5,1.0,0.5,2.0,1.0,1.0,0.5,1.0,1.0,1.0,1.0,1.0,2.0,0.5,1.0
739,82,57,42,47,"['Hyper Cutter', 'Iron Fist', 'Anger Point']",0.5,0.5,1.0,1.0,2.0,1.0,1.0,2.0,1.0,1.0,1.0,1.0,1.0,1.0,2.0,0.5,1.0,1.0
740,132,77,62,67,"['Hyper Cutter', 'Iron Fist', 'Anger Point']",0.5,0.5,1.0,1.0,2.0,2.0,2.0,2.0,1.0,1.0,1.0,0.5,1.0,1.0,2.0,1.0,2.0,1.0
741,70,70,98,70,['Dancer'],0.25,1.0,1.0,2.0,0.5,0.5,0.5,1.0,1.0,0.25,0.0,1.0,1.0,1.0,1.0,4.0,0.5,2.0
742,45,40,55,40,"['Honey Gather', 'Shield Dust', 'Sweet Veil']",0.5,0.5,0.0,1.0,1.0,0.25,2.0,2.0,1.0,0.5,0.5,1.0,1.0,2.0,1.0,2.0,2.0,1.0
743,55,60,95,70,"['Honey Gather', 'Shield Dust', 'Sweet Veil']",0.5,0.5,0.0,1.0,1.0,0.25,2.0,2.0,1.0,0.5,0.5,1.0,1.0,2.0,1.0,2.0,2.0,1.0
744,65,40,30,40,"['Keen Eye', 'Vital Spirit', 'Steadfast']",1.0,1.0,1.0,1.0,1.0,2.0,0.5,0.5,1.0,2.0,2.0,1.0,0.5,0.5,1.0,1.0,2.0,2.0
745,115,75,55,75,"['Keen Eye', 'Sand Rush', 'Steadfast', 'Keen Eye', 'Vital Spirit', 'No Guard']",1.0,1.0,1.0,1.0,1.0,2.0,0.5,0.5,1.0,2.0,2.0,1.0,0.5,0.5,1.0,1.0,2.0,2.0
746,140,130,140,135,['Schooling'],1.0,1.0,1.0,2.0,1.0,1.0,0.5,1.0,1.0,2.0,1.0,0.5,1.0,1.0,1.0,1.0,0.5,0.5
747,53,62,43,52,"['Merciless', 'Limber', 'Regenerator']",0.5,1.0,1.0,2.0,0.5,0.5,0.5,1.0,1.0,1.0,2.0,0.5,1.0,0.5,2.0,1.0,0.5,0.5
748,63,152,53,142,"['Merciless', 'Limber', 'Regenerator']",0.5,1.0,1.0,2.0,0.5,0.5,0.5,1.0,1.0,1.0,2.0,0.5,1.0,0.5,2.0,1.0,0.5,0.5
749,100,70,45,55,"['Own Tempo', 'Stamina', 'Inner Focus']",1.0,1.0,1.0,0.0,1.0,1.0,1.0,1.0,1.0,2.0,1.0,2.0,1.0,0.5,1.0,0.5,1.0,2.0
750,125,100,55,85,"['Own Tempo', 'Stamina', 'Inner Focus']",1.0,1.0,1.0,0.0,1.0,1.0,1.0,1.0,1.0,2.0,1.0,2.0,1.0,0.5,1.0,0.5,1.0,2.0
751,40,52,40,72,"['Water Bubble', 'Water Absorb']",1.0,1.0,1.0,2.0,1.0,0.5,1.0,2.0,1.0,1.0,0.5,0.5,1.0,1.0,1.0,2.0,0.5,0.5
752,70,92,50,132,"['Water Bubble', 'Water Absorb']",1.0,1.0,1.0,2.0,1.0,0.5,1.0,2.0,1.0,1.0,0.5,0.5,1.0,1.0,1.0,2.0,0.5,0.5
753,55,35,50,35,"['Leaf Guard', 'Contrary']",2.0,1.0,1.0,0.5,1.0,1.0,2.0,2.0,1.0,0.5,0.5,2.0,1.0,2.0,1.0,1.0,1.0,0.5
754,105,90,80,90,"['Leaf Guard', 'Contrary']",2.0,1.0,1.0,0.5,1.0,1.0,2.0,2.0,1.0,0.5,0.5,2.0,1.0,2.0,1.0,1.0,1.0,0.5
755,35,55,65,75,"['Illuminate', 'Effect Spore', 'Rain Dish']",1.0,0.5,0.0,0.5,1.0,0.5,2.0,2.0,1.0,0.5,0.5,2.0,1.0,4.0,1.0,1.0,2.0,0.5
756,45,80,90,100,"['Illuminate', 'Effect Spore', 'Rain Dish']",1.0,0.5,0.0,0.5,1.0,0.5,2.0,2.0,1.0,0.5,0.5,2.0,1.0,4.0,1.0,1.0,2.0,0.5
757,44,40,71,40,"['Corrosion', 'Oblivious']",0.25,1.0,1.0,1.0,0.25,0.5,0.5,1.0,1.0,0.25,4.0,0.5,1.0,0.5,2.0,2.0,0.5,2.0
758,64,60,111,60,"['Corrosion', 'Oblivious']",0.25,1.0,1.0,1.0,0.25,0.5,0.5,1.0,1.0,0.25,4.0,0.5,1.0,0.5,2.0,2.0,0.5,2.0
759,75,50,45,50,"['Fluffy', 'Klutz', 'Cute Charm']",0.5,0.5,1.0,1.0,2.0,2.0,1.0,2.0,0.0,1.0,1.0,1.0,1.0,1.0,2.0,0.5,1.0,1.0
760,125,80,55,60,"['Fluffy', 'Klutz', 'Unnerve']",0.5,0.5,1.0,1.0,2.0,2.0,1.0,2.0,0.0,1.0,1.0,1.0,1.0,1.0,2.0,0.5,1.0,1.0
761,30,38,30,38,"['Leaf Guard', 'Oblivious', 'Sweet Veil']",2.0,1.0,1.0,0.5,1.0,1.0,2.0,2.0,1.0,0.5,0.5,2.0,1.0,2.0,1.0,1.0,1.0,0.5
762,40,48,40,48,"['Leaf Guard', 'Oblivious', 'Sweet Veil']",2.0,1.0,1.0,0.5,1.0,1.0,2.0,2.0,1.0,0.5,0.5,2.0,1.0,2.0,1.0,1.0,1.0,0.5
763,120,98,50,98,"['Leaf Guard', 'Queenly Majesty', 'Sweet Veil']",2.0,1.0,1.0,0.5,1.0,1.0,2.0,2.0,1.0,0.5,0.5,2.0,1.0,2.0,1.0,1.0,1.0,0.5
764,52,90,82,110,"['Flower Veil', 'Triage', 'Natural Cure']",0.5,0.5,0.0,1.0,1.0,0.5,1.0,1.0,1.0,1.0,1.0,1.0,1.0,2.0,1.0,1.0,2.0,1.0
765,60,80,90,110,"['Inner Focus', 'Telepathy', 'Symbiosis']",2.0,2.0,1.0,1.0,1.0,1.0,1.0,1.0,0.0,1.0,1.0,1.0,1.0,1.0,0.5,1.0,1.0,1.0
766,120,90,40,60,"['Receiver', 'Defiant']",0.5,0.5,1.0,1.0,2.0,1.0,1.0,2.0,1.0,1.0,1.0,1.0,1.0,1.0,2.0,0.5,1.0,1.0
767,35,40,20,30,['Wimp Out'],1.0,1.0,1.0,2.0,1.0,0.5,1.0,2.0,1.0,1.0,0.5,0.5,1.0,1.0,1.0,2.0,0.5,0.5
768,125,140,60,90,['Emergency Exit'],1.0,1.0,1.0,2.0,1.0,0.5,1.0,2.0,1.0,1.0,0.5,0.5,1.0,1.0,1.0,2.0,0.5,0.5
769,55,80,70,45,"['Water Compaction', 'Sand Veil']",0.5,2.0,1.0,0.0,1.0,0.0,1.0,1.0,2.0,2.0,1.0,2.0,0.0,0.25,1.0,0.5,1.0,2.0
770,75,110,100,75,"['Water Compaction', 'Sand Veil']",0.5,2.0,1.0,0.0,1.0,0.0,1.0,1.0,2.0,2.0,1.0,2.0,0.0,0.25,1.0,0.5,1.0,2.0
771,60,130,30,130,"['Innards Out', 'Unaware']",1.0,1.0,1.0,2.0,1.0,1.0,0.5,1.0,1.0,2.0,1.0,0.5,1.0,1.0,1.0,1.0,0.5,0.5
772,95,95,95,95,['Battle Armor'],1.0,1.0,1.0,1.0,1.0,2.0,1.0,1.0,0.0,1.0,1.0,1.0,1.0,1.0,1.0,1.0,1.0,1.0
773,95,95,95,95,['RKS System'],1.0,1.0,1.0,1.0,1.0,2.0,1.0,1.0,0.0,1.0,1.0,1.0,1.0,1.0,1.0,1.0,1.0,1.0
774,100,60,100,60,['Shields Down'],0.5,1.0,1.0,2.0,1.0,1.0,0.5,0.5,1.0,1.0,0.0,2.0,0.5,0.5,1.0,2.0,2.0,2.0
775,115,65,75,95,['Comatose'],1.0,1.0,1.0,1.0,1.0,2.0,1.0,1.0,0.0,1.0,1.0,1.0,1.0,1.0,1.0,1.0,1.0,1.0
776,78,135,91,85,['Shell Armor'],0.5,1.0,2.0,0.5,1.0,1.0,0.25,1.0,1.0,0.25,2.0,1.0,1.0,1.0,1.0,2.0,0.5,1.0
777,98,63,40,73,"['Iron Barbs', 'Lightningrod', 'Sturdy']",0.5,1.0,0.5,0.5,0.5,2.0,2.0,0.25,1.0,0.5,4.0,0.5,0.5,0.0,0.5,0.5,0.25,1.0
778,90,80,50,105,['Disguise'],0.25,1.0,0.0,1.0,1.0,0.0,1.0,1.0,2.0,1.0,1.0,1.0,0.0,1.0,1.0,1.0,2.0,1.0
779,105,70,70,70,"['Dazzling', 'Strong Jaw', 'Wonder Skin ']",2.0,2.0,1.0,2.0,1.0,0.5,0.5,1.0,2.0,2.0,1.0,0.5,1.0,1.0,0.5,1.0,0.5,0.5
780,60,85,135,91,"['Berserk', 'Sap Sipper', 'Cloud Nine']",1.0,1.0,2.0,0.5,2.0,2.0,0.5,1.0,0.0,0.5,1.0,2.0,1.0,1.0,1.0,1.0,1.0,0.5
781,131,100,86,90,['Steelworker'],1.0,2.0,1.0,0.5,1.0,0.0,2.0,2.0,2.0,0.5,0.5,2.0,0.0,1.0,1.0,1.0,1.0,0.5
782,55,65,45,45,"['Bulletproof', 'Soundproof', 'Overcoat']",1.0,1.0,2.0,0.5,2.0,1.0,0.5,1.0,1.0,0.5,1.0,2.0,1.0,1.0,1.0,1.0,1.0,0.5
783,75,90,65,70,"['Bulletproof', 'Soundproof', 'Overcoat']",0.5,0.5,2.0,0.5,4.0,1.0,0.5,2.0,1.0,0.5,1.0,2.0,1.0,1.0,2.0,0.5,1.0,0.5
784,110,125,100,105,"['Bulletproof', 'Soundproof', 'Overcoat']",0.5,0.5,2.0,0.5,4.0,1.0,0.5,2.0,1.0,0.5,1.0,2.0,1.0,1.0,2.0,0.5,1.0,0.5
785,115,85,95,75,"['Electric Surge', 'Telepathy']",0.5,0.5,0.0,0.5,1.0,0.5,1.0,0.5,1.0,1.0,2.0,1.0,1.0,2.0,1.0,1.0,1.0,1.0
786,85,75,130,115,"['Psychic Surge', 'Telepathy']",1.0,1.0,0.0,1.0,1.0,0.25,1.0,1.0,2.0,1.0,1.0,1.0,1.0,2.0,0.5,1.0,2.0,1.0
787,130,115,85,95,"['Grassy Surge', 'Telepathy']",1.0,0.5,0.0,0.5,1.0,0.5,2.0,2.0,1.0,0.5,0.5,2.0,1.0,4.0,1.0,1.0,2.0,0.5
788,75,115,95,130,"['Misty Surge', 'Telepathy']",0.5,0.5,0.0,2.0,1.0,0.5,0.5,1.0,1.0,2.0,1.0,0.5,1.0,2.0,1.0,1.0,1.0,0.5
789,29,31,29,31,['Unaware'],2.0,2.0,1.0,1.0,1.0,0.5,1.0,1.0,2.0,1.0,1.0,1.0,1.0,1.0,0.5,1.0,1.0,1.0
790,29,131,29,131,['Sturdy'],2.0,2.0,1.0,1.0,1.0,0.5,1.0,1.0,2.0,1.0,1.0,1.0,1.0,1.0,0.5,1.0,1.0,1.0
791,137,107,113,89,['Full Metal Body'],1.0,2.0,0.5,1.0,0.5,1.0,2.0,0.5,2.0,0.5,2.0,0.5,0.5,0.0,0.25,0.5,0.5,1.0
792,113,89,137,107,['Shadow Shield'],1.0,4.0,1.0,1.0,1.0,0.0,1.0,1.0,4.0,1.0,1.0,1.0,0.0,0.5,0.5,1.0,1.0,1.0
793,53,47,127,131,['Beast Boost'],0.5,1.0,1.0,1.0,0.5,1.0,0.5,0.5,1.0,1.0,4.0,1.0,0.5,0.25,2.0,1.0,2.0,2.0
794,139,139,53,53,['Beast Boost'],0.5,0.5,1.0,1.0,2.0,0.5,2.0,4.0,1.0,0.5,0.5,1.0,1.0,1.0,2.0,1.0,1.0,1.0
795,137,37,137,37,['Beast Boost'],0.5,0.5,1.0,1.0,2.0,0.5,2.0,4.0,1.0,0.5,0.5,1.0,1.0,1.0,2.0,1.0,1.0,1.0
796,89,71,173,71,['Beast Boost'],1.0,1.0,1.0,0.5,1.0,1.0,1.0,0.5,1.0,1.0,2.0,1.0,1.0,1.0,1.0,1.0,0.5,1.0
797,101,103,107,101,['Beast Boost'],0.25,1.0,0.5,2.0,0.5,1.0,2.0,0.5,1.0,0.25,0.0,1.0,0.5,0.0,0.5,1.0,0.5,1.0
798,181,131,59,31,['Beast Boost'],1.0,1.0,0.5,0.5,0.5,2.0,4.0,1.0,1.0,0.25,1.0,1.0,0.5,0.0,0.5,0.5,0.5,0.5
799,101,53,97,53,['Beast Boost'],2.0,0.5,2.0,0.5,4.0,2.0,0.5,1.0,0.5,0.5,1.0,2.0,1.0,1.0,0.0,1.0,1.0,0.5
800,107,101,127,89,['Prism Armor'],2.0,2.0,1.0,1.0,1.0,0.5,1.0,1.0,2.0,1.0,1.0,1.0,1.0,1.0,0.5,1.0,1.0,1.0
801,95,115,130,115,['Soul-Heart'],0.25,0.5,0.0,1.0,0.5,1.0,2.0,0.5,1.0,0.5,2.0,0.5,0.5,0.0,0.5,0.5,1.0,1.0
